family,condition,metric,live_turn,episodes_with_event,denominator,percent,episodes_observed_at_this_live_turn
GPT,working,first_cited_coordination_live_turn,0,0,50,0.0,50
GPT,working,first_cited_coordination_live_turn,1,6,50,12.0,50
GPT,working,first_cited_coordination_live_turn,2,7,50,14.0,50
GPT,working,first_cited_coordination_live_turn,3,7,50,14.0,50
GPT,working,first_cited_coordination_live_turn,4,8,50,16.0,50
GPT,working,first_cited_coordination_live_turn,5,10,50,20.0,50
GPT,working,first_cited_coordination_live_turn,6,14,50,28.0,50
GPT,working,first_cited_coordination_live_turn,7,22,50,44.0,50
GPT,working,first_cited_coordination_live_turn,8,25,50,50.0,50
GPT,working,first_cited_coordination_live_turn,9,31,50,62.0,50
GPT,working,first_cited_coordination_live_turn,10,33,50,66.0,50
GPT,working,first_cited_coordination_live_turn,11,33,50,66.0,50
GPT,working,first_cited_coordination_live_turn,12,35,50,70.0,50
GPT,working,first_cited_coordination_live_turn,13,39,50,78.0,50
GPT,working,first_cited_coordination_live_turn,14,41,50,82.0,50
GPT,working,first_cited_coordination_live_turn,15,41,50,82.0,50
GPT,working,first_cited_coordination_live_turn,16,43,50,86.0,50
GPT,working,first_cited_coordination_live_turn,17,43,50,86.0,50
GPT,working,first_cited_coordination_live_turn,18,46,50,92.0,50
GPT,working,first_cited_coordination_live_turn,19,47,50,94.0,50
GPT,working,first_cited_coordination_live_turn,20,47,50,94.0,50
GPT,working,first_cited_coordination_live_turn,21,47,50,94.0,50
GPT,working,first_cited_coordination_live_turn,22,47,50,94.0,50
GPT,working,first_cited_coordination_live_turn,23,47,50,94.0,50
GPT,working,first_cited_coordination_live_turn,24,47,50,94.0,49
GPT,working,first_cited_coordination_live_turn,25,47,50,94.0,49
GPT,working,first_cited_coordination_live_turn,26,47,50,94.0,49
GPT,working,first_cited_coordination_live_turn,27,47,50,94.0,49
GPT,working,first_cited_coordination_live_turn,28,47,50,94.0,49
GPT,working,first_cited_coordination_live_turn,29,47,50,94.0,49
GPT,working,first_cited_coordination_live_turn,30,47,50,94.0,49
GPT,working,first_cited_coordination_live_turn,31,47,50,94.0,49
GPT,working,first_cited_coordination_live_turn,32,47,50,94.0,49
GPT,working,first_cited_coordination_live_turn,33,47,50,94.0,49
GPT,working,first_cited_coordination_live_turn,34,47,50,94.0,48
GPT,working,first_cited_coordination_live_turn,35,47,50,94.0,46
GPT,working,first_cited_coordination_live_turn,36,47,50,94.0,44
GPT,working,first_cited_coordination_live_turn,37,47,50,94.0,44
GPT,working,first_cited_coordination_live_turn,38,47,50,94.0,41
GPT,working,first_cited_coordination_live_turn,39,47,50,94.0,38
GPT,working,first_cited_coordination_live_turn,40,47,50,94.0,35
GPT,working,first_cited_coordination_live_turn,41,47,50,94.0,32
GPT,working,first_cited_coordination_live_turn,42,47,50,94.0,31
GPT,working,first_cited_coordination_live_turn,43,47,50,94.0,27
GPT,working,first_cited_coordination_live_turn,44,47,50,94.0,22
GPT,working,first_cited_coordination_live_turn,45,47,50,94.0,20
GPT,working,first_cited_coordination_live_turn,46,47,50,94.0,19
GPT,working,first_cited_coordination_live_turn,47,47,50,94.0,17
GPT,working,first_cited_coordination_live_turn,48,47,50,94.0,12
GPT,working,first_cited_coordination_live_turn,49,47,50,94.0,7
GPT,working,first_cited_coordination_live_turn,50,47,50,94.0,5
GPT,working,first_cited_coordination_live_turn,51,47,50,94.0,5
GPT,working,first_cited_coordination_live_turn,52,47,50,94.0,5
GPT,working,first_cited_coordination_live_turn,53,47,50,94.0,4
GPT,working,first_cited_coordination_live_turn,54,47,50,94.0,4
GPT,working,first_cited_coordination_live_turn,55,47,50,94.0,4
GPT,working,first_cited_coordination_live_turn,56,47,50,94.0,2
GPT,working,first_cited_coordination_live_turn,57,47,50,94.0,2
GPT,working,first_cited_coordination_live_turn,58,47,50,94.0,2
GPT,working,first_cited_coordination_live_turn,59,47,50,94.0,1
GPT,working,first_cited_coordination_live_turn,60,47,50,94.0,1
GPT,working,first_cited_coordination_live_turn,61,47,50,94.0,0
GPT,working,first_cited_coordination_live_turn,62,47,50,94.0,0
GPT,working,first_cited_coordination_live_turn,63,47,50,94.0,0
GPT,working,first_cited_coordination_live_turn,64,47,50,94.0,0
GPT,working,first_cited_coordination_live_turn,65,47,50,94.0,0
GPT,working,first_cited_coordination_live_turn,66,47,50,94.0,0
GPT,working,first_cited_coordination_live_turn,67,47,50,94.0,0
GPT,working,first_cited_coordination_live_turn,68,47,50,94.0,0
GPT,working,first_cited_coordination_live_turn,69,47,50,94.0,0
GPT,working,first_cited_coordination_live_turn,70,47,50,94.0,0
GPT,working,first_cited_coordination_live_turn,71,47,50,94.0,0
GPT,working,first_cited_coordination_live_turn,72,47,50,94.0,0
GPT,working,first_cited_coordination_live_turn,73,47,50,94.0,0
GPT,working,first_cited_coordination_live_turn,74,47,50,94.0,0
GPT,working,first_cited_coordination_live_turn,75,47,50,94.0,0
GPT,working,first_cited_coordination_live_turn,76,47,50,94.0,0
GPT,working,first_cited_coordination_live_turn,77,47,50,94.0,0
GPT,working,first_cited_coordination_live_turn,78,47,50,94.0,0
GPT,working,first_cited_coordination_live_turn,79,47,50,94.0,0
GPT,working,first_cited_coordination_live_turn,80,47,50,94.0,0
GPT,working,first_cited_coordination_live_turn,81,47,50,94.0,0
GPT,working,first_cited_coordination_live_turn,82,47,50,94.0,0
GPT,working,first_cited_coordination_live_turn,83,47,50,94.0,0
GPT,working,first_cited_coordination_live_turn,84,47,50,94.0,0
GPT,working,first_cited_coordination_live_turn,85,47,50,94.0,0
GPT,working,first_cited_coordination_live_turn,86,47,50,94.0,0
GPT,working,first_cited_coordination_live_turn,87,47,50,94.0,0
GPT,working,first_cited_coordination_live_turn,88,47,50,94.0,0
GPT,working,first_cited_coordination_live_turn,89,47,50,94.0,0
GPT,working,first_cited_coordination_live_turn,90,47,50,94.0,0
GPT,working,first_cited_coordination_live_turn,91,47,50,94.0,0
GPT,working,first_cited_coordination_live_turn,92,47,50,94.0,0
GPT,working,first_cited_coordination_live_turn,93,47,50,94.0,0
GPT,working,first_cited_coordination_live_turn,94,47,50,94.0,0
GPT,working,first_cited_coordination_live_turn,95,47,50,94.0,0
GPT,working,first_cited_coordination_live_turn,96,47,50,94.0,0
GPT,working,first_cited_coordination_live_turn,97,47,50,94.0,0
GPT,working,first_cited_coordination_live_turn,98,47,50,94.0,0
GPT,working,first_cited_coordination_live_turn,99,47,50,94.0,0
GPT,working,first_cited_coordination_live_turn,100,47,50,94.0,0
GPT,working,first_post_live_turn,0,0,50,0.0,50
GPT,working,first_post_live_turn,1,0,50,0.0,50
GPT,working,first_post_live_turn,2,0,50,0.0,50
GPT,working,first_post_live_turn,3,0,50,0.0,50
GPT,working,first_post_live_turn,4,0,50,0.0,50
GPT,working,first_post_live_turn,5,0,50,0.0,50
GPT,working,first_post_live_turn,6,0,50,0.0,50
GPT,working,first_post_live_turn,7,0,50,0.0,50
GPT,working,first_post_live_turn,8,0,50,0.0,50
GPT,working,first_post_live_turn,9,0,50,0.0,50
GPT,working,first_post_live_turn,10,0,50,0.0,50
GPT,working,first_post_live_turn,11,0,50,0.0,50
GPT,working,first_post_live_turn,12,0,50,0.0,50
GPT,working,first_post_live_turn,13,0,50,0.0,50
GPT,working,first_post_live_turn,14,1,50,2.0,50
GPT,working,first_post_live_turn,15,1,50,2.0,50
GPT,working,first_post_live_turn,16,1,50,2.0,50
GPT,working,first_post_live_turn,17,1,50,2.0,50
GPT,working,first_post_live_turn,18,1,50,2.0,50
GPT,working,first_post_live_turn,19,3,50,6.0,50
GPT,working,first_post_live_turn,20,3,50,6.0,50
GPT,working,first_post_live_turn,21,3,50,6.0,50
GPT,working,first_post_live_turn,22,4,50,8.0,50
GPT,working,first_post_live_turn,23,4,50,8.0,50
GPT,working,first_post_live_turn,24,4,50,8.0,49
GPT,working,first_post_live_turn,25,4,50,8.0,49
GPT,working,first_post_live_turn,26,4,50,8.0,49
GPT,working,first_post_live_turn,27,4,50,8.0,49
GPT,working,first_post_live_turn,28,4,50,8.0,49
GPT,working,first_post_live_turn,29,4,50,8.0,49
GPT,working,first_post_live_turn,30,4,50,8.0,49
GPT,working,first_post_live_turn,31,4,50,8.0,49
GPT,working,first_post_live_turn,32,4,50,8.0,49
GPT,working,first_post_live_turn,33,4,50,8.0,49
GPT,working,first_post_live_turn,34,4,50,8.0,48
GPT,working,first_post_live_turn,35,4,50,8.0,46
GPT,working,first_post_live_turn,36,4,50,8.0,44
GPT,working,first_post_live_turn,37,4,50,8.0,44
GPT,working,first_post_live_turn,38,4,50,8.0,41
GPT,working,first_post_live_turn,39,4,50,8.0,38
GPT,working,first_post_live_turn,40,4,50,8.0,35
GPT,working,first_post_live_turn,41,4,50,8.0,32
GPT,working,first_post_live_turn,42,4,50,8.0,31
GPT,working,first_post_live_turn,43,4,50,8.0,27
GPT,working,first_post_live_turn,44,4,50,8.0,22
GPT,working,first_post_live_turn,45,4,50,8.0,20
GPT,working,first_post_live_turn,46,4,50,8.0,19
GPT,working,first_post_live_turn,47,4,50,8.0,17
GPT,working,first_post_live_turn,48,4,50,8.0,12
GPT,working,first_post_live_turn,49,4,50,8.0,7
GPT,working,first_post_live_turn,50,4,50,8.0,5
GPT,working,first_post_live_turn,51,4,50,8.0,5
GPT,working,first_post_live_turn,52,4,50,8.0,5
GPT,working,first_post_live_turn,53,4,50,8.0,4
GPT,working,first_post_live_turn,54,4,50,8.0,4
GPT,working,first_post_live_turn,55,4,50,8.0,4
GPT,working,first_post_live_turn,56,4,50,8.0,2
GPT,working,first_post_live_turn,57,4,50,8.0,2
GPT,working,first_post_live_turn,58,4,50,8.0,2
GPT,working,first_post_live_turn,59,4,50,8.0,1
GPT,working,first_post_live_turn,60,4,50,8.0,1
GPT,working,first_post_live_turn,61,4,50,8.0,0
GPT,working,first_post_live_turn,62,4,50,8.0,0
GPT,working,first_post_live_turn,63,4,50,8.0,0
GPT,working,first_post_live_turn,64,4,50,8.0,0
GPT,working,first_post_live_turn,65,4,50,8.0,0
GPT,working,first_post_live_turn,66,4,50,8.0,0
GPT,working,first_post_live_turn,67,4,50,8.0,0
GPT,working,first_post_live_turn,68,4,50,8.0,0
GPT,working,first_post_live_turn,69,4,50,8.0,0
GPT,working,first_post_live_turn,70,4,50,8.0,0
GPT,working,first_post_live_turn,71,4,50,8.0,0
GPT,working,first_post_live_turn,72,4,50,8.0,0
GPT,working,first_post_live_turn,73,4,50,8.0,0
GPT,working,first_post_live_turn,74,4,50,8.0,0
GPT,working,first_post_live_turn,75,4,50,8.0,0
GPT,working,first_post_live_turn,76,4,50,8.0,0
GPT,working,first_post_live_turn,77,4,50,8.0,0
GPT,working,first_post_live_turn,78,4,50,8.0,0
GPT,working,first_post_live_turn,79,4,50,8.0,0
GPT,working,first_post_live_turn,80,4,50,8.0,0
GPT,working,first_post_live_turn,81,4,50,8.0,0
GPT,working,first_post_live_turn,82,4,50,8.0,0
GPT,working,first_post_live_turn,83,4,50,8.0,0
GPT,working,first_post_live_turn,84,4,50,8.0,0
GPT,working,first_post_live_turn,85,4,50,8.0,0
GPT,working,first_post_live_turn,86,4,50,8.0,0
GPT,working,first_post_live_turn,87,4,50,8.0,0
GPT,working,first_post_live_turn,88,4,50,8.0,0
GPT,working,first_post_live_turn,89,4,50,8.0,0
GPT,working,first_post_live_turn,90,4,50,8.0,0
GPT,working,first_post_live_turn,91,4,50,8.0,0
GPT,working,first_post_live_turn,92,4,50,8.0,0
GPT,working,first_post_live_turn,93,4,50,8.0,0
GPT,working,first_post_live_turn,94,4,50,8.0,0
GPT,working,first_post_live_turn,95,4,50,8.0,0
GPT,working,first_post_live_turn,96,4,50,8.0,0
GPT,working,first_post_live_turn,97,4,50,8.0,0
GPT,working,first_post_live_turn,98,4,50,8.0,0
GPT,working,first_post_live_turn,99,4,50,8.0,0
GPT,working,first_post_live_turn,100,4,50,8.0,0
GPT,slow,first_cited_coordination_live_turn,0,0,50,0.0,50
GPT,slow,first_cited_coordination_live_turn,1,4,50,8.0,50
GPT,slow,first_cited_coordination_live_turn,2,5,50,10.0,50
GPT,slow,first_cited_coordination_live_turn,3,5,50,10.0,50
GPT,slow,first_cited_coordination_live_turn,4,9,50,18.0,50
GPT,slow,first_cited_coordination_live_turn,5,13,50,26.0,50
GPT,slow,first_cited_coordination_live_turn,6,22,50,44.0,50
GPT,slow,first_cited_coordination_live_turn,7,25,50,50.0,50
GPT,slow,first_cited_coordination_live_turn,8,26,50,52.0,50
GPT,slow,first_cited_coordination_live_turn,9,30,50,60.0,50
GPT,slow,first_cited_coordination_live_turn,10,32,50,64.0,50
GPT,slow,first_cited_coordination_live_turn,11,32,50,64.0,50
GPT,slow,first_cited_coordination_live_turn,12,35,50,70.0,50
GPT,slow,first_cited_coordination_live_turn,13,39,50,78.0,50
GPT,slow,first_cited_coordination_live_turn,14,39,50,78.0,50
GPT,slow,first_cited_coordination_live_turn,15,41,50,82.0,50
GPT,slow,first_cited_coordination_live_turn,16,42,50,84.0,50
GPT,slow,first_cited_coordination_live_turn,17,43,50,86.0,50
GPT,slow,first_cited_coordination_live_turn,18,43,50,86.0,50
GPT,slow,first_cited_coordination_live_turn,19,45,50,90.0,50
GPT,slow,first_cited_coordination_live_turn,20,45,50,90.0,50
GPT,slow,first_cited_coordination_live_turn,21,46,50,92.0,50
GPT,slow,first_cited_coordination_live_turn,22,46,50,92.0,50
GPT,slow,first_cited_coordination_live_turn,23,47,50,94.0,50
GPT,slow,first_cited_coordination_live_turn,24,48,50,96.0,50
GPT,slow,first_cited_coordination_live_turn,25,49,50,98.0,50
GPT,slow,first_cited_coordination_live_turn,26,49,50,98.0,50
GPT,slow,first_cited_coordination_live_turn,27,49,50,98.0,50
GPT,slow,first_cited_coordination_live_turn,28,49,50,98.0,50
GPT,slow,first_cited_coordination_live_turn,29,49,50,98.0,50
GPT,slow,first_cited_coordination_live_turn,30,49,50,98.0,50
GPT,slow,first_cited_coordination_live_turn,31,49,50,98.0,50
GPT,slow,first_cited_coordination_live_turn,32,49,50,98.0,50
GPT,slow,first_cited_coordination_live_turn,33,50,50,100.0,50
GPT,slow,first_cited_coordination_live_turn,34,50,50,100.0,50
GPT,slow,first_cited_coordination_live_turn,35,50,50,100.0,49
GPT,slow,first_cited_coordination_live_turn,36,50,50,100.0,49
GPT,slow,first_cited_coordination_live_turn,37,50,50,100.0,49
GPT,slow,first_cited_coordination_live_turn,38,50,50,100.0,49
GPT,slow,first_cited_coordination_live_turn,39,50,50,100.0,48
GPT,slow,first_cited_coordination_live_turn,40,50,50,100.0,48
GPT,slow,first_cited_coordination_live_turn,41,50,50,100.0,48
GPT,slow,first_cited_coordination_live_turn,42,50,50,100.0,48
GPT,slow,first_cited_coordination_live_turn,43,50,50,100.0,46
GPT,slow,first_cited_coordination_live_turn,44,50,50,100.0,45
GPT,slow,first_cited_coordination_live_turn,45,50,50,100.0,45
GPT,slow,first_cited_coordination_live_turn,46,50,50,100.0,41
GPT,slow,first_cited_coordination_live_turn,47,50,50,100.0,40
GPT,slow,first_cited_coordination_live_turn,48,50,50,100.0,38
GPT,slow,first_cited_coordination_live_turn,49,50,50,100.0,37
GPT,slow,first_cited_coordination_live_turn,50,50,50,100.0,35
GPT,slow,first_cited_coordination_live_turn,51,50,50,100.0,30
GPT,slow,first_cited_coordination_live_turn,52,50,50,100.0,25
GPT,slow,first_cited_coordination_live_turn,53,50,50,100.0,23
GPT,slow,first_cited_coordination_live_turn,54,50,50,100.0,21
GPT,slow,first_cited_coordination_live_turn,55,50,50,100.0,18
GPT,slow,first_cited_coordination_live_turn,56,50,50,100.0,17
GPT,slow,first_cited_coordination_live_turn,57,50,50,100.0,16
GPT,slow,first_cited_coordination_live_turn,58,50,50,100.0,15
GPT,slow,first_cited_coordination_live_turn,59,50,50,100.0,15
GPT,slow,first_cited_coordination_live_turn,60,50,50,100.0,12
GPT,slow,first_cited_coordination_live_turn,61,50,50,100.0,10
GPT,slow,first_cited_coordination_live_turn,62,50,50,100.0,7
GPT,slow,first_cited_coordination_live_turn,63,50,50,100.0,4
GPT,slow,first_cited_coordination_live_turn,64,50,50,100.0,4
GPT,slow,first_cited_coordination_live_turn,65,50,50,100.0,4
GPT,slow,first_cited_coordination_live_turn,66,50,50,100.0,3
GPT,slow,first_cited_coordination_live_turn,67,50,50,100.0,2
GPT,slow,first_cited_coordination_live_turn,68,50,50,100.0,2
GPT,slow,first_cited_coordination_live_turn,69,50,50,100.0,2
GPT,slow,first_cited_coordination_live_turn,70,50,50,100.0,2
GPT,slow,first_cited_coordination_live_turn,71,50,50,100.0,1
GPT,slow,first_cited_coordination_live_turn,72,50,50,100.0,1
GPT,slow,first_cited_coordination_live_turn,73,50,50,100.0,1
GPT,slow,first_cited_coordination_live_turn,74,50,50,100.0,1
GPT,slow,first_cited_coordination_live_turn,75,50,50,100.0,1
GPT,slow,first_cited_coordination_live_turn,76,50,50,100.0,1
GPT,slow,first_cited_coordination_live_turn,77,50,50,100.0,1
GPT,slow,first_cited_coordination_live_turn,78,50,50,100.0,0
GPT,slow,first_cited_coordination_live_turn,79,50,50,100.0,0
GPT,slow,first_cited_coordination_live_turn,80,50,50,100.0,0
GPT,slow,first_cited_coordination_live_turn,81,50,50,100.0,0
GPT,slow,first_cited_coordination_live_turn,82,50,50,100.0,0
GPT,slow,first_cited_coordination_live_turn,83,50,50,100.0,0
GPT,slow,first_cited_coordination_live_turn,84,50,50,100.0,0
GPT,slow,first_cited_coordination_live_turn,85,50,50,100.0,0
GPT,slow,first_cited_coordination_live_turn,86,50,50,100.0,0
GPT,slow,first_cited_coordination_live_turn,87,50,50,100.0,0
GPT,slow,first_cited_coordination_live_turn,88,50,50,100.0,0
GPT,slow,first_cited_coordination_live_turn,89,50,50,100.0,0
GPT,slow,first_cited_coordination_live_turn,90,50,50,100.0,0
GPT,slow,first_cited_coordination_live_turn,91,50,50,100.0,0
GPT,slow,first_cited_coordination_live_turn,92,50,50,100.0,0
GPT,slow,first_cited_coordination_live_turn,93,50,50,100.0,0
GPT,slow,first_cited_coordination_live_turn,94,50,50,100.0,0
GPT,slow,first_cited_coordination_live_turn,95,50,50,100.0,0
GPT,slow,first_cited_coordination_live_turn,96,50,50,100.0,0
GPT,slow,first_cited_coordination_live_turn,97,50,50,100.0,0
GPT,slow,first_cited_coordination_live_turn,98,50,50,100.0,0
GPT,slow,first_cited_coordination_live_turn,99,50,50,100.0,0
GPT,slow,first_cited_coordination_live_turn,100,50,50,100.0,0
GPT,slow,first_post_live_turn,0,0,50,0.0,50
GPT,slow,first_post_live_turn,1,0,50,0.0,50
GPT,slow,first_post_live_turn,2,0,50,0.0,50
GPT,slow,first_post_live_turn,3,0,50,0.0,50
GPT,slow,first_post_live_turn,4,0,50,0.0,50
GPT,slow,first_post_live_turn,5,0,50,0.0,50
GPT,slow,first_post_live_turn,6,0,50,0.0,50
GPT,slow,first_post_live_turn,7,0,50,0.0,50
GPT,slow,first_post_live_turn,8,0,50,0.0,50
GPT,slow,first_post_live_turn,9,0,50,0.0,50
GPT,slow,first_post_live_turn,10,0,50,0.0,50
GPT,slow,first_post_live_turn,11,0,50,0.0,50
GPT,slow,first_post_live_turn,12,0,50,0.0,50
GPT,slow,first_post_live_turn,13,1,50,2.0,50
GPT,slow,first_post_live_turn,14,2,50,4.0,50
GPT,slow,first_post_live_turn,15,2,50,4.0,50
GPT,slow,first_post_live_turn,16,3,50,6.0,50
GPT,slow,first_post_live_turn,17,4,50,8.0,50
GPT,slow,first_post_live_turn,18,5,50,10.0,50
GPT,slow,first_post_live_turn,19,5,50,10.0,50
GPT,slow,first_post_live_turn,20,5,50,10.0,50
GPT,slow,first_post_live_turn,21,6,50,12.0,50
GPT,slow,first_post_live_turn,22,7,50,14.0,50
GPT,slow,first_post_live_turn,23,8,50,16.0,50
GPT,slow,first_post_live_turn,24,8,50,16.0,50
GPT,slow,first_post_live_turn,25,8,50,16.0,50
GPT,slow,first_post_live_turn,26,8,50,16.0,50
GPT,slow,first_post_live_turn,27,8,50,16.0,50
GPT,slow,first_post_live_turn,28,8,50,16.0,50
GPT,slow,first_post_live_turn,29,8,50,16.0,50
GPT,slow,first_post_live_turn,30,8,50,16.0,50
GPT,slow,first_post_live_turn,31,8,50,16.0,50
GPT,slow,first_post_live_turn,32,8,50,16.0,50
GPT,slow,first_post_live_turn,33,8,50,16.0,50
GPT,slow,first_post_live_turn,34,9,50,18.0,50
GPT,slow,first_post_live_turn,35,9,50,18.0,49
GPT,slow,first_post_live_turn,36,9,50,18.0,49
GPT,slow,first_post_live_turn,37,9,50,18.0,49
GPT,slow,first_post_live_turn,38,9,50,18.0,49
GPT,slow,first_post_live_turn,39,9,50,18.0,48
GPT,slow,first_post_live_turn,40,9,50,18.0,48
GPT,slow,first_post_live_turn,41,9,50,18.0,48
GPT,slow,first_post_live_turn,42,9,50,18.0,48
GPT,slow,first_post_live_turn,43,9,50,18.0,46
GPT,slow,first_post_live_turn,44,9,50,18.0,45
GPT,slow,first_post_live_turn,45,9,50,18.0,45
GPT,slow,first_post_live_turn,46,9,50,18.0,41
GPT,slow,first_post_live_turn,47,9,50,18.0,40
GPT,slow,first_post_live_turn,48,9,50,18.0,38
GPT,slow,first_post_live_turn,49,9,50,18.0,37
GPT,slow,first_post_live_turn,50,9,50,18.0,35
GPT,slow,first_post_live_turn,51,9,50,18.0,30
GPT,slow,first_post_live_turn,52,9,50,18.0,25
GPT,slow,first_post_live_turn,53,9,50,18.0,23
GPT,slow,first_post_live_turn,54,9,50,18.0,21
GPT,slow,first_post_live_turn,55,9,50,18.0,18
GPT,slow,first_post_live_turn,56,9,50,18.0,17
GPT,slow,first_post_live_turn,57,9,50,18.0,16
GPT,slow,first_post_live_turn,58,9,50,18.0,15
GPT,slow,first_post_live_turn,59,9,50,18.0,15
GPT,slow,first_post_live_turn,60,9,50,18.0,12
GPT,slow,first_post_live_turn,61,9,50,18.0,10
GPT,slow,first_post_live_turn,62,9,50,18.0,7
GPT,slow,first_post_live_turn,63,9,50,18.0,4
GPT,slow,first_post_live_turn,64,9,50,18.0,4
GPT,slow,first_post_live_turn,65,9,50,18.0,4
GPT,slow,first_post_live_turn,66,9,50,18.0,3
GPT,slow,first_post_live_turn,67,9,50,18.0,2
GPT,slow,first_post_live_turn,68,9,50,18.0,2
GPT,slow,first_post_live_turn,69,9,50,18.0,2
GPT,slow,first_post_live_turn,70,9,50,18.0,2
GPT,slow,first_post_live_turn,71,9,50,18.0,1
GPT,slow,first_post_live_turn,72,9,50,18.0,1
GPT,slow,first_post_live_turn,73,9,50,18.0,1
GPT,slow,first_post_live_turn,74,9,50,18.0,1
GPT,slow,first_post_live_turn,75,9,50,18.0,1
GPT,slow,first_post_live_turn,76,9,50,18.0,1
GPT,slow,first_post_live_turn,77,9,50,18.0,1
GPT,slow,first_post_live_turn,78,9,50,18.0,0
GPT,slow,first_post_live_turn,79,9,50,18.0,0
GPT,slow,first_post_live_turn,80,9,50,18.0,0
GPT,slow,first_post_live_turn,81,9,50,18.0,0
GPT,slow,first_post_live_turn,82,9,50,18.0,0
GPT,slow,first_post_live_turn,83,9,50,18.0,0
GPT,slow,first_post_live_turn,84,9,50,18.0,0
GPT,slow,first_post_live_turn,85,9,50,18.0,0
GPT,slow,first_post_live_turn,86,9,50,18.0,0
GPT,slow,first_post_live_turn,87,9,50,18.0,0
GPT,slow,first_post_live_turn,88,9,50,18.0,0
GPT,slow,first_post_live_turn,89,9,50,18.0,0
GPT,slow,first_post_live_turn,90,9,50,18.0,0
GPT,slow,first_post_live_turn,91,9,50,18.0,0
GPT,slow,first_post_live_turn,92,9,50,18.0,0
GPT,slow,first_post_live_turn,93,9,50,18.0,0
GPT,slow,first_post_live_turn,94,9,50,18.0,0
GPT,slow,first_post_live_turn,95,9,50,18.0,0
GPT,slow,first_post_live_turn,96,9,50,18.0,0
GPT,slow,first_post_live_turn,97,9,50,18.0,0
GPT,slow,first_post_live_turn,98,9,50,18.0,0
GPT,slow,first_post_live_turn,99,9,50,18.0,0
GPT,slow,first_post_live_turn,100,9,50,18.0,0
Qwen,working,first_cited_coordination_live_turn,0,0,50,0.0,50
Qwen,working,first_cited_coordination_live_turn,1,26,50,52.0,50
Qwen,working,first_cited_coordination_live_turn,2,34,50,68.0,50
Qwen,working,first_cited_coordination_live_turn,3,35,50,70.0,50
Qwen,working,first_cited_coordination_live_turn,4,37,50,74.0,50
Qwen,working,first_cited_coordination_live_turn,5,37,50,74.0,50
Qwen,working,first_cited_coordination_live_turn,6,41,50,82.0,50
Qwen,working,first_cited_coordination_live_turn,7,43,50,86.0,50
Qwen,working,first_cited_coordination_live_turn,8,44,50,88.0,50
Qwen,working,first_cited_coordination_live_turn,9,44,50,88.0,50
Qwen,working,first_cited_coordination_live_turn,10,46,50,92.0,50
Qwen,working,first_cited_coordination_live_turn,11,47,50,94.0,50
Qwen,working,first_cited_coordination_live_turn,12,48,50,96.0,50
Qwen,working,first_cited_coordination_live_turn,13,48,50,96.0,50
Qwen,working,first_cited_coordination_live_turn,14,48,50,96.0,50
Qwen,working,first_cited_coordination_live_turn,15,48,50,96.0,50
Qwen,working,first_cited_coordination_live_turn,16,48,50,96.0,50
Qwen,working,first_cited_coordination_live_turn,17,49,50,98.0,50
Qwen,working,first_cited_coordination_live_turn,18,50,50,100.0,50
Qwen,working,first_cited_coordination_live_turn,19,50,50,100.0,50
Qwen,working,first_cited_coordination_live_turn,20,50,50,100.0,50
Qwen,working,first_cited_coordination_live_turn,21,50,50,100.0,50
Qwen,working,first_cited_coordination_live_turn,22,50,50,100.0,50
Qwen,working,first_cited_coordination_live_turn,23,50,50,100.0,50
Qwen,working,first_cited_coordination_live_turn,24,50,50,100.0,50
Qwen,working,first_cited_coordination_live_turn,25,50,50,100.0,50
Qwen,working,first_cited_coordination_live_turn,26,50,50,100.0,50
Qwen,working,first_cited_coordination_live_turn,27,50,50,100.0,49
Qwen,working,first_cited_coordination_live_turn,28,50,50,100.0,49
Qwen,working,first_cited_coordination_live_turn,29,50,50,100.0,49
Qwen,working,first_cited_coordination_live_turn,30,50,50,100.0,48
Qwen,working,first_cited_coordination_live_turn,31,50,50,100.0,48
Qwen,working,first_cited_coordination_live_turn,32,50,50,100.0,48
Qwen,working,first_cited_coordination_live_turn,33,50,50,100.0,48
Qwen,working,first_cited_coordination_live_turn,34,50,50,100.0,48
Qwen,working,first_cited_coordination_live_turn,35,50,50,100.0,47
Qwen,working,first_cited_coordination_live_turn,36,50,50,100.0,46
Qwen,working,first_cited_coordination_live_turn,37,50,50,100.0,45
Qwen,working,first_cited_coordination_live_turn,38,50,50,100.0,44
Qwen,working,first_cited_coordination_live_turn,39,50,50,100.0,44
Qwen,working,first_cited_coordination_live_turn,40,50,50,100.0,44
Qwen,working,first_cited_coordination_live_turn,41,50,50,100.0,43
Qwen,working,first_cited_coordination_live_turn,42,50,50,100.0,43
Qwen,working,first_cited_coordination_live_turn,43,50,50,100.0,43
Qwen,working,first_cited_coordination_live_turn,44,50,50,100.0,42
Qwen,working,first_cited_coordination_live_turn,45,50,50,100.0,40
Qwen,working,first_cited_coordination_live_turn,46,50,50,100.0,40
Qwen,working,first_cited_coordination_live_turn,47,50,50,100.0,40
Qwen,working,first_cited_coordination_live_turn,48,50,50,100.0,39
Qwen,working,first_cited_coordination_live_turn,49,50,50,100.0,36
Qwen,working,first_cited_coordination_live_turn,50,50,50,100.0,34
Qwen,working,first_cited_coordination_live_turn,51,50,50,100.0,33
Qwen,working,first_cited_coordination_live_turn,52,50,50,100.0,31
Qwen,working,first_cited_coordination_live_turn,53,50,50,100.0,29
Qwen,working,first_cited_coordination_live_turn,54,50,50,100.0,27
Qwen,working,first_cited_coordination_live_turn,55,50,50,100.0,25
Qwen,working,first_cited_coordination_live_turn,56,50,50,100.0,23
Qwen,working,first_cited_coordination_live_turn,57,50,50,100.0,21
Qwen,working,first_cited_coordination_live_turn,58,50,50,100.0,21
Qwen,working,first_cited_coordination_live_turn,59,50,50,100.0,21
Qwen,working,first_cited_coordination_live_turn,60,50,50,100.0,21
Qwen,working,first_cited_coordination_live_turn,61,50,50,100.0,19
Qwen,working,first_cited_coordination_live_turn,62,50,50,100.0,18
Qwen,working,first_cited_coordination_live_turn,63,50,50,100.0,17
Qwen,working,first_cited_coordination_live_turn,64,50,50,100.0,17
Qwen,working,first_cited_coordination_live_turn,65,50,50,100.0,16
Qwen,working,first_cited_coordination_live_turn,66,50,50,100.0,16
Qwen,working,first_cited_coordination_live_turn,67,50,50,100.0,15
Qwen,working,first_cited_coordination_live_turn,68,50,50,100.0,13
Qwen,working,first_cited_coordination_live_turn,69,50,50,100.0,12
Qwen,working,first_cited_coordination_live_turn,70,50,50,100.0,11
Qwen,working,first_cited_coordination_live_turn,71,50,50,100.0,11
Qwen,working,first_cited_coordination_live_turn,72,50,50,100.0,11
Qwen,working,first_cited_coordination_live_turn,73,50,50,100.0,11
Qwen,working,first_cited_coordination_live_turn,74,50,50,100.0,11
Qwen,working,first_cited_coordination_live_turn,75,50,50,100.0,11
Qwen,working,first_cited_coordination_live_turn,76,50,50,100.0,11
Qwen,working,first_cited_coordination_live_turn,77,50,50,100.0,11
Qwen,working,first_cited_coordination_live_turn,78,50,50,100.0,10
Qwen,working,first_cited_coordination_live_turn,79,50,50,100.0,10
Qwen,working,first_cited_coordination_live_turn,80,50,50,100.0,10
Qwen,working,first_cited_coordination_live_turn,81,50,50,100.0,10
Qwen,working,first_cited_coordination_live_turn,82,50,50,100.0,10
Qwen,working,first_cited_coordination_live_turn,83,50,50,100.0,10
Qwen,working,first_cited_coordination_live_turn,84,50,50,100.0,10
Qwen,working,first_cited_coordination_live_turn,85,50,50,100.0,9
Qwen,working,first_cited_coordination_live_turn,86,50,50,100.0,9
Qwen,working,first_cited_coordination_live_turn,87,50,50,100.0,8
Qwen,working,first_cited_coordination_live_turn,88,50,50,100.0,7
Qwen,working,first_cited_coordination_live_turn,89,50,50,100.0,6
Qwen,working,first_cited_coordination_live_turn,90,50,50,100.0,5
Qwen,working,first_cited_coordination_live_turn,91,50,50,100.0,5
Qwen,working,first_cited_coordination_live_turn,92,50,50,100.0,5
Qwen,working,first_cited_coordination_live_turn,93,50,50,100.0,5
Qwen,working,first_cited_coordination_live_turn,94,50,50,100.0,5
Qwen,working,first_cited_coordination_live_turn,95,50,50,100.0,4
Qwen,working,first_cited_coordination_live_turn,96,50,50,100.0,4
Qwen,working,first_cited_coordination_live_turn,97,50,50,100.0,4
Qwen,working,first_cited_coordination_live_turn,98,50,50,100.0,4
Qwen,working,first_cited_coordination_live_turn,99,50,50,100.0,4
Qwen,working,first_cited_coordination_live_turn,100,50,50,100.0,4
Qwen,working,first_post_live_turn,0,0,50,0.0,50
Qwen,working,first_post_live_turn,1,0,50,0.0,50
Qwen,working,first_post_live_turn,2,0,50,0.0,50
Qwen,working,first_post_live_turn,3,0,50,0.0,50
Qwen,working,first_post_live_turn,4,1,50,2.0,50
Qwen,working,first_post_live_turn,5,2,50,4.0,50
Qwen,working,first_post_live_turn,6,5,50,10.0,50
Qwen,working,first_post_live_turn,7,7,50,14.0,50
Qwen,working,first_post_live_turn,8,7,50,14.0,50
Qwen,working,first_post_live_turn,9,8,50,16.0,50
Qwen,working,first_post_live_turn,10,9,50,18.0,50
Qwen,working,first_post_live_turn,11,11,50,22.0,50
Qwen,working,first_post_live_turn,12,15,50,30.0,50
Qwen,working,first_post_live_turn,13,17,50,34.0,50
Qwen,working,first_post_live_turn,14,18,50,36.0,50
Qwen,working,first_post_live_turn,15,19,50,38.0,50
Qwen,working,first_post_live_turn,16,20,50,40.0,50
Qwen,working,first_post_live_turn,17,20,50,40.0,50
Qwen,working,first_post_live_turn,18,20,50,40.0,50
Qwen,working,first_post_live_turn,19,21,50,42.0,50
Qwen,working,first_post_live_turn,20,21,50,42.0,50
Qwen,working,first_post_live_turn,21,21,50,42.0,50
Qwen,working,first_post_live_turn,22,22,50,44.0,50
Qwen,working,first_post_live_turn,23,22,50,44.0,50
Qwen,working,first_post_live_turn,24,22,50,44.0,50
Qwen,working,first_post_live_turn,25,22,50,44.0,50
Qwen,working,first_post_live_turn,26,22,50,44.0,50
Qwen,working,first_post_live_turn,27,22,50,44.0,49
Qwen,working,first_post_live_turn,28,22,50,44.0,49
Qwen,working,first_post_live_turn,29,22,50,44.0,49
Qwen,working,first_post_live_turn,30,22,50,44.0,48
Qwen,working,first_post_live_turn,31,22,50,44.0,48
Qwen,working,first_post_live_turn,32,22,50,44.0,48
Qwen,working,first_post_live_turn,33,22,50,44.0,48
Qwen,working,first_post_live_turn,34,22,50,44.0,48
Qwen,working,first_post_live_turn,35,22,50,44.0,47
Qwen,working,first_post_live_turn,36,23,50,46.0,46
Qwen,working,first_post_live_turn,37,24,50,48.0,45
Qwen,working,first_post_live_turn,38,25,50,50.0,44
Qwen,working,first_post_live_turn,39,25,50,50.0,44
Qwen,working,first_post_live_turn,40,25,50,50.0,44
Qwen,working,first_post_live_turn,41,26,50,52.0,43
Qwen,working,first_post_live_turn,42,26,50,52.0,43
Qwen,working,first_post_live_turn,43,26,50,52.0,43
Qwen,working,first_post_live_turn,44,26,50,52.0,42
Qwen,working,first_post_live_turn,45,26,50,52.0,40
Qwen,working,first_post_live_turn,46,26,50,52.0,40
Qwen,working,first_post_live_turn,47,26,50,52.0,40
Qwen,working,first_post_live_turn,48,26,50,52.0,39
Qwen,working,first_post_live_turn,49,26,50,52.0,36
Qwen,working,first_post_live_turn,50,27,50,54.0,34
Qwen,working,first_post_live_turn,51,27,50,54.0,33
Qwen,working,first_post_live_turn,52,27,50,54.0,31
Qwen,working,first_post_live_turn,53,27,50,54.0,29
Qwen,working,first_post_live_turn,54,27,50,54.0,27
Qwen,working,first_post_live_turn,55,27,50,54.0,25
Qwen,working,first_post_live_turn,56,27,50,54.0,23
Qwen,working,first_post_live_turn,57,27,50,54.0,21
Qwen,working,first_post_live_turn,58,27,50,54.0,21
Qwen,working,first_post_live_turn,59,27,50,54.0,21
Qwen,working,first_post_live_turn,60,27,50,54.0,21
Qwen,working,first_post_live_turn,61,27,50,54.0,19
Qwen,working,first_post_live_turn,62,27,50,54.0,18
Qwen,working,first_post_live_turn,63,27,50,54.0,17
Qwen,working,first_post_live_turn,64,27,50,54.0,17
Qwen,working,first_post_live_turn,65,27,50,54.0,16
Qwen,working,first_post_live_turn,66,27,50,54.0,16
Qwen,working,first_post_live_turn,67,27,50,54.0,15
Qwen,working,first_post_live_turn,68,27,50,54.0,13
Qwen,working,first_post_live_turn,69,27,50,54.0,12
Qwen,working,first_post_live_turn,70,27,50,54.0,11
Qwen,working,first_post_live_turn,71,27,50,54.0,11
Qwen,working,first_post_live_turn,72,27,50,54.0,11
Qwen,working,first_post_live_turn,73,27,50,54.0,11
Qwen,working,first_post_live_turn,74,27,50,54.0,11
Qwen,working,first_post_live_turn,75,27,50,54.0,11
Qwen,working,first_post_live_turn,76,27,50,54.0,11
Qwen,working,first_post_live_turn,77,27,50,54.0,11
Qwen,working,first_post_live_turn,78,27,50,54.0,10
Qwen,working,first_post_live_turn,79,27,50,54.0,10
Qwen,working,first_post_live_turn,80,27,50,54.0,10
Qwen,working,first_post_live_turn,81,27,50,54.0,10
Qwen,working,first_post_live_turn,82,27,50,54.0,10
Qwen,working,first_post_live_turn,83,27,50,54.0,10
Qwen,working,first_post_live_turn,84,27,50,54.0,10
Qwen,working,first_post_live_turn,85,27,50,54.0,9
Qwen,working,first_post_live_turn,86,27,50,54.0,9
Qwen,working,first_post_live_turn,87,27,50,54.0,8
Qwen,working,first_post_live_turn,88,27,50,54.0,7
Qwen,working,first_post_live_turn,89,27,50,54.0,6
Qwen,working,first_post_live_turn,90,27,50,54.0,5
Qwen,working,first_post_live_turn,91,27,50,54.0,5
Qwen,working,first_post_live_turn,92,27,50,54.0,5
Qwen,working,first_post_live_turn,93,27,50,54.0,5
Qwen,working,first_post_live_turn,94,27,50,54.0,5
Qwen,working,first_post_live_turn,95,27,50,54.0,4
Qwen,working,first_post_live_turn,96,27,50,54.0,4
Qwen,working,first_post_live_turn,97,27,50,54.0,4
Qwen,working,first_post_live_turn,98,27,50,54.0,4
Qwen,working,first_post_live_turn,99,27,50,54.0,4
Qwen,working,first_post_live_turn,100,27,50,54.0,4
Qwen,slow,first_cited_coordination_live_turn,0,0,50,0.0,50
Qwen,slow,first_cited_coordination_live_turn,1,26,50,52.0,50
Qwen,slow,first_cited_coordination_live_turn,2,31,50,62.0,50
Qwen,slow,first_cited_coordination_live_turn,3,31,50,62.0,50
Qwen,slow,first_cited_coordination_live_turn,4,32,50,64.0,50
Qwen,slow,first_cited_coordination_live_turn,5,36,50,72.0,50
Qwen,slow,first_cited_coordination_live_turn,6,36,50,72.0,50
Qwen,slow,first_cited_coordination_live_turn,7,38,50,76.0,50
Qwen,slow,first_cited_coordination_live_turn,8,38,50,76.0,50
Qwen,slow,first_cited_coordination_live_turn,9,38,50,76.0,50
Qwen,slow,first_cited_coordination_live_turn,10,38,50,76.0,50
Qwen,slow,first_cited_coordination_live_turn,11,38,50,76.0,50
Qwen,slow,first_cited_coordination_live_turn,12,38,50,76.0,50
Qwen,slow,first_cited_coordination_live_turn,13,39,50,78.0,50
Qwen,slow,first_cited_coordination_live_turn,14,42,50,84.0,50
Qwen,slow,first_cited_coordination_live_turn,15,43,50,86.0,50
Qwen,slow,first_cited_coordination_live_turn,16,44,50,88.0,50
Qwen,slow,first_cited_coordination_live_turn,17,46,50,92.0,50
Qwen,slow,first_cited_coordination_live_turn,18,47,50,94.0,50
Qwen,slow,first_cited_coordination_live_turn,19,47,50,94.0,50
Qwen,slow,first_cited_coordination_live_turn,20,47,50,94.0,50
Qwen,slow,first_cited_coordination_live_turn,21,47,50,94.0,50
Qwen,slow,first_cited_coordination_live_turn,22,47,50,94.0,50
Qwen,slow,first_cited_coordination_live_turn,23,47,50,94.0,50
Qwen,slow,first_cited_coordination_live_turn,24,47,50,94.0,50
Qwen,slow,first_cited_coordination_live_turn,25,47,50,94.0,49
Qwen,slow,first_cited_coordination_live_turn,26,47,50,94.0,49
Qwen,slow,first_cited_coordination_live_turn,27,47,50,94.0,49
Qwen,slow,first_cited_coordination_live_turn,28,48,50,96.0,49
Qwen,slow,first_cited_coordination_live_turn,29,48,50,96.0,49
Qwen,slow,first_cited_coordination_live_turn,30,49,50,98.0,49
Qwen,slow,first_cited_coordination_live_turn,31,49,50,98.0,49
Qwen,slow,first_cited_coordination_live_turn,32,49,50,98.0,49
Qwen,slow,first_cited_coordination_live_turn,33,49,50,98.0,49
Qwen,slow,first_cited_coordination_live_turn,34,50,50,100.0,49
Qwen,slow,first_cited_coordination_live_turn,35,50,50,100.0,49
Qwen,slow,first_cited_coordination_live_turn,36,50,50,100.0,48
Qwen,slow,first_cited_coordination_live_turn,37,50,50,100.0,48
Qwen,slow,first_cited_coordination_live_turn,38,50,50,100.0,48
Qwen,slow,first_cited_coordination_live_turn,39,50,50,100.0,47
Qwen,slow,first_cited_coordination_live_turn,40,50,50,100.0,47
Qwen,slow,first_cited_coordination_live_turn,41,50,50,100.0,47
Qwen,slow,first_cited_coordination_live_turn,42,50,50,100.0,47
Qwen,slow,first_cited_coordination_live_turn,43,50,50,100.0,45
Qwen,slow,first_cited_coordination_live_turn,44,50,50,100.0,43
Qwen,slow,first_cited_coordination_live_turn,45,50,50,100.0,40
Qwen,slow,first_cited_coordination_live_turn,46,50,50,100.0,39
Qwen,slow,first_cited_coordination_live_turn,47,50,50,100.0,37
Qwen,slow,first_cited_coordination_live_turn,48,50,50,100.0,36
Qwen,slow,first_cited_coordination_live_turn,49,50,50,100.0,35
Qwen,slow,first_cited_coordination_live_turn,50,50,50,100.0,34
Qwen,slow,first_cited_coordination_live_turn,51,50,50,100.0,32
Qwen,slow,first_cited_coordination_live_turn,52,50,50,100.0,31
Qwen,slow,first_cited_coordination_live_turn,53,50,50,100.0,30
Qwen,slow,first_cited_coordination_live_turn,54,50,50,100.0,29
Qwen,slow,first_cited_coordination_live_turn,55,50,50,100.0,27
Qwen,slow,first_cited_coordination_live_turn,56,50,50,100.0,26
Qwen,slow,first_cited_coordination_live_turn,57,50,50,100.0,25
Qwen,slow,first_cited_coordination_live_turn,58,50,50,100.0,23
Qwen,slow,first_cited_coordination_live_turn,59,50,50,100.0,22
Qwen,slow,first_cited_coordination_live_turn,60,50,50,100.0,21
Qwen,slow,first_cited_coordination_live_turn,61,50,50,100.0,18
Qwen,slow,first_cited_coordination_live_turn,62,50,50,100.0,18
Qwen,slow,first_cited_coordination_live_turn,63,50,50,100.0,18
Qwen,slow,first_cited_coordination_live_turn,64,50,50,100.0,18
Qwen,slow,first_cited_coordination_live_turn,65,50,50,100.0,18
Qwen,slow,first_cited_coordination_live_turn,66,50,50,100.0,17
Qwen,slow,first_cited_coordination_live_turn,67,50,50,100.0,17
Qwen,slow,first_cited_coordination_live_turn,68,50,50,100.0,15
Qwen,slow,first_cited_coordination_live_turn,69,50,50,100.0,15
Qwen,slow,first_cited_coordination_live_turn,70,50,50,100.0,13
Qwen,slow,first_cited_coordination_live_turn,71,50,50,100.0,13
Qwen,slow,first_cited_coordination_live_turn,72,50,50,100.0,13
Qwen,slow,first_cited_coordination_live_turn,73,50,50,100.0,13
Qwen,slow,first_cited_coordination_live_turn,74,50,50,100.0,13
Qwen,slow,first_cited_coordination_live_turn,75,50,50,100.0,11
Qwen,slow,first_cited_coordination_live_turn,76,50,50,100.0,11
Qwen,slow,first_cited_coordination_live_turn,77,50,50,100.0,11
Qwen,slow,first_cited_coordination_live_turn,78,50,50,100.0,11
Qwen,slow,first_cited_coordination_live_turn,79,50,50,100.0,11
Qwen,slow,first_cited_coordination_live_turn,80,50,50,100.0,11
Qwen,slow,first_cited_coordination_live_turn,81,50,50,100.0,11
Qwen,slow,first_cited_coordination_live_turn,82,50,50,100.0,10
Qwen,slow,first_cited_coordination_live_turn,83,50,50,100.0,10
Qwen,slow,first_cited_coordination_live_turn,84,50,50,100.0,10
Qwen,slow,first_cited_coordination_live_turn,85,50,50,100.0,9
Qwen,slow,first_cited_coordination_live_turn,86,50,50,100.0,9
Qwen,slow,first_cited_coordination_live_turn,87,50,50,100.0,9
Qwen,slow,first_cited_coordination_live_turn,88,50,50,100.0,8
Qwen,slow,first_cited_coordination_live_turn,89,50,50,100.0,8
Qwen,slow,first_cited_coordination_live_turn,90,50,50,100.0,8
Qwen,slow,first_cited_coordination_live_turn,91,50,50,100.0,7
Qwen,slow,first_cited_coordination_live_turn,92,50,50,100.0,7
Qwen,slow,first_cited_coordination_live_turn,93,50,50,100.0,7
Qwen,slow,first_cited_coordination_live_turn,94,50,50,100.0,7
Qwen,slow,first_cited_coordination_live_turn,95,50,50,100.0,6
Qwen,slow,first_cited_coordination_live_turn,96,50,50,100.0,6
Qwen,slow,first_cited_coordination_live_turn,97,50,50,100.0,6
Qwen,slow,first_cited_coordination_live_turn,98,50,50,100.0,5
Qwen,slow,first_cited_coordination_live_turn,99,50,50,100.0,5
Qwen,slow,first_cited_coordination_live_turn,100,50,50,100.0,5
Qwen,slow,first_post_live_turn,0,0,50,0.0,50
Qwen,slow,first_post_live_turn,1,0,50,0.0,50
Qwen,slow,first_post_live_turn,2,0,50,0.0,50
Qwen,slow,first_post_live_turn,3,1,50,2.0,50
Qwen,slow,first_post_live_turn,4,2,50,4.0,50
Qwen,slow,first_post_live_turn,5,3,50,6.0,50
Qwen,slow,first_post_live_turn,6,4,50,8.0,50
Qwen,slow,first_post_live_turn,7,5,50,10.0,50
Qwen,slow,first_post_live_turn,8,5,50,10.0,50
Qwen,slow,first_post_live_turn,9,6,50,12.0,50
Qwen,slow,first_post_live_turn,10,6,50,12.0,50
Qwen,slow,first_post_live_turn,11,6,50,12.0,50
Qwen,slow,first_post_live_turn,12,6,50,12.0,50
Qwen,slow,first_post_live_turn,13,6,50,12.0,50
Qwen,slow,first_post_live_turn,14,6,50,12.0,50
Qwen,slow,first_post_live_turn,15,7,50,14.0,50
Qwen,slow,first_post_live_turn,16,7,50,14.0,50
Qwen,slow,first_post_live_turn,17,8,50,16.0,50
Qwen,slow,first_post_live_turn,18,9,50,18.0,50
Qwen,slow,first_post_live_turn,19,10,50,20.0,50
Qwen,slow,first_post_live_turn,20,10,50,20.0,50
Qwen,slow,first_post_live_turn,21,10,50,20.0,50
Qwen,slow,first_post_live_turn,22,10,50,20.0,50
Qwen,slow,first_post_live_turn,23,10,50,20.0,50
Qwen,slow,first_post_live_turn,24,10,50,20.0,50
Qwen,slow,first_post_live_turn,25,10,50,20.0,49
Qwen,slow,first_post_live_turn,26,10,50,20.0,49
Qwen,slow,first_post_live_turn,27,11,50,22.0,49
Qwen,slow,first_post_live_turn,28,11,50,22.0,49
Qwen,slow,first_post_live_turn,29,11,50,22.0,49
Qwen,slow,first_post_live_turn,30,11,50,22.0,49
Qwen,slow,first_post_live_turn,31,11,50,22.0,49
Qwen,slow,first_post_live_turn,32,11,50,22.0,49
Qwen,slow,first_post_live_turn,33,11,50,22.0,49
Qwen,slow,first_post_live_turn,34,11,50,22.0,49
Qwen,slow,first_post_live_turn,35,11,50,22.0,49
Qwen,slow,first_post_live_turn,36,11,50,22.0,48
Qwen,slow,first_post_live_turn,37,11,50,22.0,48
Qwen,slow,first_post_live_turn,38,12,50,24.0,48
Qwen,slow,first_post_live_turn,39,12,50,24.0,47
Qwen,slow,first_post_live_turn,40,14,50,28.0,47
Qwen,slow,first_post_live_turn,41,15,50,30.0,47
Qwen,slow,first_post_live_turn,42,15,50,30.0,47
Qwen,slow,first_post_live_turn,43,15,50,30.0,45
Qwen,slow,first_post_live_turn,44,15,50,30.0,43
Qwen,slow,first_post_live_turn,45,15,50,30.0,40
Qwen,slow,first_post_live_turn,46,15,50,30.0,39
Qwen,slow,first_post_live_turn,47,16,50,32.0,37
Qwen,slow,first_post_live_turn,48,16,50,32.0,36
Qwen,slow,first_post_live_turn,49,16,50,32.0,35
Qwen,slow,first_post_live_turn,50,16,50,32.0,34
Qwen,slow,first_post_live_turn,51,16,50,32.0,32
Qwen,slow,first_post_live_turn,52,16,50,32.0,31
Qwen,slow,first_post_live_turn,53,16,50,32.0,30
Qwen,slow,first_post_live_turn,54,16,50,32.0,29
Qwen,slow,first_post_live_turn,55,16,50,32.0,27
Qwen,slow,first_post_live_turn,56,16,50,32.0,26
Qwen,slow,first_post_live_turn,57,16,50,32.0,25
Qwen,slow,first_post_live_turn,58,16,50,32.0,23
Qwen,slow,first_post_live_turn,59,17,50,34.0,22
Qwen,slow,first_post_live_turn,60,17,50,34.0,21
Qwen,slow,first_post_live_turn,61,17,50,34.0,18
Qwen,slow,first_post_live_turn,62,17,50,34.0,18
Qwen,slow,first_post_live_turn,63,17,50,34.0,18
Qwen,slow,first_post_live_turn,64,17,50,34.0,18
Qwen,slow,first_post_live_turn,65,17,50,34.0,18
Qwen,slow,first_post_live_turn,66,17,50,34.0,17
Qwen,slow,first_post_live_turn,67,17,50,34.0,17
Qwen,slow,first_post_live_turn,68,17,50,34.0,15
Qwen,slow,first_post_live_turn,69,17,50,34.0,15
Qwen,slow,first_post_live_turn,70,17,50,34.0,13
Qwen,slow,first_post_live_turn,71,17,50,34.0,13
Qwen,slow,first_post_live_turn,72,17,50,34.0,13
Qwen,slow,first_post_live_turn,73,17,50,34.0,13
Qwen,slow,first_post_live_turn,74,17,50,34.0,13
Qwen,slow,first_post_live_turn,75,17,50,34.0,11
Qwen,slow,first_post_live_turn,76,17,50,34.0,11
Qwen,slow,first_post_live_turn,77,17,50,34.0,11
Qwen,slow,first_post_live_turn,78,17,50,34.0,11
Qwen,slow,first_post_live_turn,79,17,50,34.0,11
Qwen,slow,first_post_live_turn,80,17,50,34.0,11
Qwen,slow,first_post_live_turn,81,17,50,34.0,11
Qwen,slow,first_post_live_turn,82,17,50,34.0,10
Qwen,slow,first_post_live_turn,83,17,50,34.0,10
Qwen,slow,first_post_live_turn,84,17,50,34.0,10
Qwen,slow,first_post_live_turn,85,17,50,34.0,9
Qwen,slow,first_post_live_turn,86,17,50,34.0,9
Qwen,slow,first_post_live_turn,87,17,50,34.0,9
Qwen,slow,first_post_live_turn,88,17,50,34.0,8
Qwen,slow,first_post_live_turn,89,17,50,34.0,8
Qwen,slow,first_post_live_turn,90,18,50,36.0,8
Qwen,slow,first_post_live_turn,91,18,50,36.0,7
Qwen,slow,first_post_live_turn,92,18,50,36.0,7
Qwen,slow,first_post_live_turn,93,18,50,36.0,7
Qwen,slow,first_post_live_turn,94,18,50,36.0,7
Qwen,slow,first_post_live_turn,95,18,50,36.0,6
Qwen,slow,first_post_live_turn,96,18,50,36.0,6
Qwen,slow,first_post_live_turn,97,18,50,36.0,6
Qwen,slow,first_post_live_turn,98,18,50,36.0,5
Qwen,slow,first_post_live_turn,99,18,50,36.0,5
Qwen,slow,first_post_live_turn,100,18,50,36.0,5
Kimi,working,first_cited_coordination_live_turn,0,0,50,0.0,50
Kimi,working,first_cited_coordination_live_turn,1,24,50,48.0,50
Kimi,working,first_cited_coordination_live_turn,2,28,50,56.0,50
Kimi,working,first_cited_coordination_live_turn,3,29,50,58.0,50
Kimi,working,first_cited_coordination_live_turn,4,36,50,72.0,50
Kimi,working,first_cited_coordination_live_turn,5,37,50,74.0,50
Kimi,working,first_cited_coordination_live_turn,6,39,50,78.0,50
Kimi,working,first_cited_coordination_live_turn,7,41,50,82.0,50
Kimi,working,first_cited_coordination_live_turn,8,42,50,84.0,50
Kimi,working,first_cited_coordination_live_turn,9,43,50,86.0,50
Kimi,working,first_cited_coordination_live_turn,10,44,50,88.0,50
Kimi,working,first_cited_coordination_live_turn,11,47,50,94.0,50
Kimi,working,first_cited_coordination_live_turn,12,47,50,94.0,50
Kimi,working,first_cited_coordination_live_turn,13,47,50,94.0,50
Kimi,working,first_cited_coordination_live_turn,14,49,50,98.0,50
Kimi,working,first_cited_coordination_live_turn,15,49,50,98.0,50
Kimi,working,first_cited_coordination_live_turn,16,50,50,100.0,50
Kimi,working,first_cited_coordination_live_turn,17,50,50,100.0,50
Kimi,working,first_cited_coordination_live_turn,18,50,50,100.0,50
Kimi,working,first_cited_coordination_live_turn,19,50,50,100.0,50
Kimi,working,first_cited_coordination_live_turn,20,50,50,100.0,50
Kimi,working,first_cited_coordination_live_turn,21,50,50,100.0,50
Kimi,working,first_cited_coordination_live_turn,22,50,50,100.0,50
Kimi,working,first_cited_coordination_live_turn,23,50,50,100.0,50
Kimi,working,first_cited_coordination_live_turn,24,50,50,100.0,50
Kimi,working,first_cited_coordination_live_turn,25,50,50,100.0,50
Kimi,working,first_cited_coordination_live_turn,26,50,50,100.0,50
Kimi,working,first_cited_coordination_live_turn,27,50,50,100.0,50
Kimi,working,first_cited_coordination_live_turn,28,50,50,100.0,49
Kimi,working,first_cited_coordination_live_turn,29,50,50,100.0,49
Kimi,working,first_cited_coordination_live_turn,30,50,50,100.0,49
Kimi,working,first_cited_coordination_live_turn,31,50,50,100.0,49
Kimi,working,first_cited_coordination_live_turn,32,50,50,100.0,49
Kimi,working,first_cited_coordination_live_turn,33,50,50,100.0,49
Kimi,working,first_cited_coordination_live_turn,34,50,50,100.0,49
Kimi,working,first_cited_coordination_live_turn,35,50,50,100.0,49
Kimi,working,first_cited_coordination_live_turn,36,50,50,100.0,49
Kimi,working,first_cited_coordination_live_turn,37,50,50,100.0,49
Kimi,working,first_cited_coordination_live_turn,38,50,50,100.0,49
Kimi,working,first_cited_coordination_live_turn,39,50,50,100.0,49
Kimi,working,first_cited_coordination_live_turn,40,50,50,100.0,47
Kimi,working,first_cited_coordination_live_turn,41,50,50,100.0,47
Kimi,working,first_cited_coordination_live_turn,42,50,50,100.0,45
Kimi,working,first_cited_coordination_live_turn,43,50,50,100.0,43
Kimi,working,first_cited_coordination_live_turn,44,50,50,100.0,43
Kimi,working,first_cited_coordination_live_turn,45,50,50,100.0,43
Kimi,working,first_cited_coordination_live_turn,46,50,50,100.0,41
Kimi,working,first_cited_coordination_live_turn,47,50,50,100.0,40
Kimi,working,first_cited_coordination_live_turn,48,50,50,100.0,38
Kimi,working,first_cited_coordination_live_turn,49,50,50,100.0,36
Kimi,working,first_cited_coordination_live_turn,50,50,50,100.0,36
Kimi,working,first_cited_coordination_live_turn,51,50,50,100.0,34
Kimi,working,first_cited_coordination_live_turn,52,50,50,100.0,33
Kimi,working,first_cited_coordination_live_turn,53,50,50,100.0,31
Kimi,working,first_cited_coordination_live_turn,54,50,50,100.0,30
Kimi,working,first_cited_coordination_live_turn,55,50,50,100.0,27
Kimi,working,first_cited_coordination_live_turn,56,50,50,100.0,26
Kimi,working,first_cited_coordination_live_turn,57,50,50,100.0,23
Kimi,working,first_cited_coordination_live_turn,58,50,50,100.0,20
Kimi,working,first_cited_coordination_live_turn,59,50,50,100.0,20
Kimi,working,first_cited_coordination_live_turn,60,50,50,100.0,14
Kimi,working,first_cited_coordination_live_turn,61,50,50,100.0,14
Kimi,working,first_cited_coordination_live_turn,62,50,50,100.0,11
Kimi,working,first_cited_coordination_live_turn,63,50,50,100.0,11
Kimi,working,first_cited_coordination_live_turn,64,50,50,100.0,11
Kimi,working,first_cited_coordination_live_turn,65,50,50,100.0,10
Kimi,working,first_cited_coordination_live_turn,66,50,50,100.0,10
Kimi,working,first_cited_coordination_live_turn,67,50,50,100.0,10
Kimi,working,first_cited_coordination_live_turn,68,50,50,100.0,10
Kimi,working,first_cited_coordination_live_turn,69,50,50,100.0,10
Kimi,working,first_cited_coordination_live_turn,70,50,50,100.0,10
Kimi,working,first_cited_coordination_live_turn,71,50,50,100.0,9
Kimi,working,first_cited_coordination_live_turn,72,50,50,100.0,9
Kimi,working,first_cited_coordination_live_turn,73,50,50,100.0,7
Kimi,working,first_cited_coordination_live_turn,74,50,50,100.0,5
Kimi,working,first_cited_coordination_live_turn,75,50,50,100.0,3
Kimi,working,first_cited_coordination_live_turn,76,50,50,100.0,3
Kimi,working,first_cited_coordination_live_turn,77,50,50,100.0,3
Kimi,working,first_cited_coordination_live_turn,78,50,50,100.0,2
Kimi,working,first_cited_coordination_live_turn,79,50,50,100.0,1
Kimi,working,first_cited_coordination_live_turn,80,50,50,100.0,1
Kimi,working,first_cited_coordination_live_turn,81,50,50,100.0,1
Kimi,working,first_cited_coordination_live_turn,82,50,50,100.0,1
Kimi,working,first_cited_coordination_live_turn,83,50,50,100.0,1
Kimi,working,first_cited_coordination_live_turn,84,50,50,100.0,1
Kimi,working,first_cited_coordination_live_turn,85,50,50,100.0,1
Kimi,working,first_cited_coordination_live_turn,86,50,50,100.0,1
Kimi,working,first_cited_coordination_live_turn,87,50,50,100.0,1
Kimi,working,first_cited_coordination_live_turn,88,50,50,100.0,1
Kimi,working,first_cited_coordination_live_turn,89,50,50,100.0,1
Kimi,working,first_cited_coordination_live_turn,90,50,50,100.0,1
Kimi,working,first_cited_coordination_live_turn,91,50,50,100.0,1
Kimi,working,first_cited_coordination_live_turn,92,50,50,100.0,1
Kimi,working,first_cited_coordination_live_turn,93,50,50,100.0,1
Kimi,working,first_cited_coordination_live_turn,94,50,50,100.0,1
Kimi,working,first_cited_coordination_live_turn,95,50,50,100.0,1
Kimi,working,first_cited_coordination_live_turn,96,50,50,100.0,1
Kimi,working,first_cited_coordination_live_turn,97,50,50,100.0,0
Kimi,working,first_cited_coordination_live_turn,98,50,50,100.0,0
Kimi,working,first_cited_coordination_live_turn,99,50,50,100.0,0
Kimi,working,first_cited_coordination_live_turn,100,50,50,100.0,0
Kimi,working,first_post_live_turn,0,0,50,0.0,50
Kimi,working,first_post_live_turn,1,0,50,0.0,50
Kimi,working,first_post_live_turn,2,0,50,0.0,50
Kimi,working,first_post_live_turn,3,0,50,0.0,50
Kimi,working,first_post_live_turn,4,2,50,4.0,50
Kimi,working,first_post_live_turn,5,2,50,4.0,50
Kimi,working,first_post_live_turn,6,3,50,6.0,50
Kimi,working,first_post_live_turn,7,6,50,12.0,50
Kimi,working,first_post_live_turn,8,7,50,14.0,50
Kimi,working,first_post_live_turn,9,7,50,14.0,50
Kimi,working,first_post_live_turn,10,7,50,14.0,50
Kimi,working,first_post_live_turn,11,7,50,14.0,50
Kimi,working,first_post_live_turn,12,7,50,14.0,50
Kimi,working,first_post_live_turn,13,7,50,14.0,50
Kimi,working,first_post_live_turn,14,9,50,18.0,50
Kimi,working,first_post_live_turn,15,10,50,20.0,50
Kimi,working,first_post_live_turn,16,11,50,22.0,50
Kimi,working,first_post_live_turn,17,12,50,24.0,50
Kimi,working,first_post_live_turn,18,13,50,26.0,50
Kimi,working,first_post_live_turn,19,13,50,26.0,50
Kimi,working,first_post_live_turn,20,16,50,32.0,50
Kimi,working,first_post_live_turn,21,16,50,32.0,50
Kimi,working,first_post_live_turn,22,17,50,34.0,50
Kimi,working,first_post_live_turn,23,19,50,38.0,50
Kimi,working,first_post_live_turn,24,20,50,40.0,50
Kimi,working,first_post_live_turn,25,22,50,44.0,50
Kimi,working,first_post_live_turn,26,23,50,46.0,50
Kimi,working,first_post_live_turn,27,23,50,46.0,50
Kimi,working,first_post_live_turn,28,23,50,46.0,49
Kimi,working,first_post_live_turn,29,23,50,46.0,49
Kimi,working,first_post_live_turn,30,23,50,46.0,49
Kimi,working,first_post_live_turn,31,23,50,46.0,49
Kimi,working,first_post_live_turn,32,23,50,46.0,49
Kimi,working,first_post_live_turn,33,23,50,46.0,49
Kimi,working,first_post_live_turn,34,23,50,46.0,49
Kimi,working,first_post_live_turn,35,23,50,46.0,49
Kimi,working,first_post_live_turn,36,23,50,46.0,49
Kimi,working,first_post_live_turn,37,23,50,46.0,49
Kimi,working,first_post_live_turn,38,23,50,46.0,49
Kimi,working,first_post_live_turn,39,23,50,46.0,49
Kimi,working,first_post_live_turn,40,23,50,46.0,47
Kimi,working,first_post_live_turn,41,23,50,46.0,47
Kimi,working,first_post_live_turn,42,23,50,46.0,45
Kimi,working,first_post_live_turn,43,23,50,46.0,43
Kimi,working,first_post_live_turn,44,23,50,46.0,43
Kimi,working,first_post_live_turn,45,23,50,46.0,43
Kimi,working,first_post_live_turn,46,23,50,46.0,41
Kimi,working,first_post_live_turn,47,23,50,46.0,40
Kimi,working,first_post_live_turn,48,23,50,46.0,38
Kimi,working,first_post_live_turn,49,23,50,46.0,36
Kimi,working,first_post_live_turn,50,23,50,46.0,36
Kimi,working,first_post_live_turn,51,23,50,46.0,34
Kimi,working,first_post_live_turn,52,23,50,46.0,33
Kimi,working,first_post_live_turn,53,23,50,46.0,31
Kimi,working,first_post_live_turn,54,23,50,46.0,30
Kimi,working,first_post_live_turn,55,23,50,46.0,27
Kimi,working,first_post_live_turn,56,23,50,46.0,26
Kimi,working,first_post_live_turn,57,23,50,46.0,23
Kimi,working,first_post_live_turn,58,23,50,46.0,20
Kimi,working,first_post_live_turn,59,23,50,46.0,20
Kimi,working,first_post_live_turn,60,23,50,46.0,14
Kimi,working,first_post_live_turn,61,23,50,46.0,14
Kimi,working,first_post_live_turn,62,23,50,46.0,11
Kimi,working,first_post_live_turn,63,23,50,46.0,11
Kimi,working,first_post_live_turn,64,23,50,46.0,11
Kimi,working,first_post_live_turn,65,23,50,46.0,10
Kimi,working,first_post_live_turn,66,23,50,46.0,10
Kimi,working,first_post_live_turn,67,23,50,46.0,10
Kimi,working,first_post_live_turn,68,23,50,46.0,10
Kimi,working,first_post_live_turn,69,23,50,46.0,10
Kimi,working,first_post_live_turn,70,23,50,46.0,10
Kimi,working,first_post_live_turn,71,23,50,46.0,9
Kimi,working,first_post_live_turn,72,23,50,46.0,9
Kimi,working,first_post_live_turn,73,23,50,46.0,7
Kimi,working,first_post_live_turn,74,23,50,46.0,5
Kimi,working,first_post_live_turn,75,23,50,46.0,3
Kimi,working,first_post_live_turn,76,23,50,46.0,3
Kimi,working,first_post_live_turn,77,23,50,46.0,3
Kimi,working,first_post_live_turn,78,23,50,46.0,2
Kimi,working,first_post_live_turn,79,23,50,46.0,1
Kimi,working,first_post_live_turn,80,23,50,46.0,1
Kimi,working,first_post_live_turn,81,23,50,46.0,1
Kimi,working,first_post_live_turn,82,23,50,46.0,1
Kimi,working,first_post_live_turn,83,23,50,46.0,1
Kimi,working,first_post_live_turn,84,23,50,46.0,1
Kimi,working,first_post_live_turn,85,23,50,46.0,1
Kimi,working,first_post_live_turn,86,23,50,46.0,1
Kimi,working,first_post_live_turn,87,23,50,46.0,1
Kimi,working,first_post_live_turn,88,23,50,46.0,1
Kimi,working,first_post_live_turn,89,23,50,46.0,1
Kimi,working,first_post_live_turn,90,23,50,46.0,1
Kimi,working,first_post_live_turn,91,23,50,46.0,1
Kimi,working,first_post_live_turn,92,23,50,46.0,1
Kimi,working,first_post_live_turn,93,23,50,46.0,1
Kimi,working,first_post_live_turn,94,23,50,46.0,1
Kimi,working,first_post_live_turn,95,23,50,46.0,1
Kimi,working,first_post_live_turn,96,23,50,46.0,1
Kimi,working,first_post_live_turn,97,23,50,46.0,0
Kimi,working,first_post_live_turn,98,23,50,46.0,0
Kimi,working,first_post_live_turn,99,23,50,46.0,0
Kimi,working,first_post_live_turn,100,23,50,46.0,0
Kimi,slow,first_cited_coordination_live_turn,0,0,50,0.0,50
Kimi,slow,first_cited_coordination_live_turn,1,14,50,28.0,50
Kimi,slow,first_cited_coordination_live_turn,2,14,50,28.0,50
Kimi,slow,first_cited_coordination_live_turn,3,14,50,28.0,50
Kimi,slow,first_cited_coordination_live_turn,4,17,50,34.0,50
Kimi,slow,first_cited_coordination_live_turn,5,21,50,42.0,50
Kimi,slow,first_cited_coordination_live_turn,6,24,50,48.0,50
Kimi,slow,first_cited_coordination_live_turn,7,33,50,66.0,50
Kimi,slow,first_cited_coordination_live_turn,8,38,50,76.0,50
Kimi,slow,first_cited_coordination_live_turn,9,38,50,76.0,50
Kimi,slow,first_cited_coordination_live_turn,10,39,50,78.0,50
Kimi,slow,first_cited_coordination_live_turn,11,41,50,82.0,50
Kimi,slow,first_cited_coordination_live_turn,12,42,50,84.0,50
Kimi,slow,first_cited_coordination_live_turn,13,45,50,90.0,50
Kimi,slow,first_cited_coordination_live_turn,14,45,50,90.0,50
Kimi,slow,first_cited_coordination_live_turn,15,45,50,90.0,50
Kimi,slow,first_cited_coordination_live_turn,16,46,50,92.0,50
Kimi,slow,first_cited_coordination_live_turn,17,46,50,92.0,50
Kimi,slow,first_cited_coordination_live_turn,18,46,50,92.0,50
Kimi,slow,first_cited_coordination_live_turn,19,46,50,92.0,50
Kimi,slow,first_cited_coordination_live_turn,20,47,50,94.0,50
Kimi,slow,first_cited_coordination_live_turn,21,47,50,94.0,50
Kimi,slow,first_cited_coordination_live_turn,22,47,50,94.0,50
Kimi,slow,first_cited_coordination_live_turn,23,47,50,94.0,50
Kimi,slow,first_cited_coordination_live_turn,24,47,50,94.0,50
Kimi,slow,first_cited_coordination_live_turn,25,47,50,94.0,50
Kimi,slow,first_cited_coordination_live_turn,26,48,50,96.0,50
Kimi,slow,first_cited_coordination_live_turn,27,48,50,96.0,50
Kimi,slow,first_cited_coordination_live_turn,28,48,50,96.0,50
Kimi,slow,first_cited_coordination_live_turn,29,49,50,98.0,50
Kimi,slow,first_cited_coordination_live_turn,30,49,50,98.0,50
Kimi,slow,first_cited_coordination_live_turn,31,49,50,98.0,50
Kimi,slow,first_cited_coordination_live_turn,32,50,50,100.0,50
Kimi,slow,first_cited_coordination_live_turn,33,50,50,100.0,50
Kimi,slow,first_cited_coordination_live_turn,34,50,50,100.0,50
Kimi,slow,first_cited_coordination_live_turn,35,50,50,100.0,50
Kimi,slow,first_cited_coordination_live_turn,36,50,50,100.0,50
Kimi,slow,first_cited_coordination_live_turn,37,50,50,100.0,50
Kimi,slow,first_cited_coordination_live_turn,38,50,50,100.0,50
Kimi,slow,first_cited_coordination_live_turn,39,50,50,100.0,50
Kimi,slow,first_cited_coordination_live_turn,40,50,50,100.0,50
Kimi,slow,first_cited_coordination_live_turn,41,50,50,100.0,50
Kimi,slow,first_cited_coordination_live_turn,42,50,50,100.0,50
Kimi,slow,first_cited_coordination_live_turn,43,50,50,100.0,50
Kimi,slow,first_cited_coordination_live_turn,44,50,50,100.0,49
Kimi,slow,first_cited_coordination_live_turn,45,50,50,100.0,49
Kimi,slow,first_cited_coordination_live_turn,46,50,50,100.0,47
Kimi,slow,first_cited_coordination_live_turn,47,50,50,100.0,45
Kimi,slow,first_cited_coordination_live_turn,48,50,50,100.0,44
Kimi,slow,first_cited_coordination_live_turn,49,50,50,100.0,43
Kimi,slow,first_cited_coordination_live_turn,50,50,50,100.0,41
Kimi,slow,first_cited_coordination_live_turn,51,50,50,100.0,41
Kimi,slow,first_cited_coordination_live_turn,52,50,50,100.0,39
Kimi,slow,first_cited_coordination_live_turn,53,50,50,100.0,38
Kimi,slow,first_cited_coordination_live_turn,54,50,50,100.0,38
Kimi,slow,first_cited_coordination_live_turn,55,50,50,100.0,37
Kimi,slow,first_cited_coordination_live_turn,56,50,50,100.0,35
Kimi,slow,first_cited_coordination_live_turn,57,50,50,100.0,35
Kimi,slow,first_cited_coordination_live_turn,58,50,50,100.0,34
Kimi,slow,first_cited_coordination_live_turn,59,50,50,100.0,32
Kimi,slow,first_cited_coordination_live_turn,60,50,50,100.0,32
Kimi,slow,first_cited_coordination_live_turn,61,50,50,100.0,31
Kimi,slow,first_cited_coordination_live_turn,62,50,50,100.0,30
Kimi,slow,first_cited_coordination_live_turn,63,50,50,100.0,28
Kimi,slow,first_cited_coordination_live_turn,64,50,50,100.0,23
Kimi,slow,first_cited_coordination_live_turn,65,50,50,100.0,23
Kimi,slow,first_cited_coordination_live_turn,66,50,50,100.0,23
Kimi,slow,first_cited_coordination_live_turn,67,50,50,100.0,21
Kimi,slow,first_cited_coordination_live_turn,68,50,50,100.0,19
Kimi,slow,first_cited_coordination_live_turn,69,50,50,100.0,18
Kimi,slow,first_cited_coordination_live_turn,70,50,50,100.0,17
Kimi,slow,first_cited_coordination_live_turn,71,50,50,100.0,14
Kimi,slow,first_cited_coordination_live_turn,72,50,50,100.0,13
Kimi,slow,first_cited_coordination_live_turn,73,50,50,100.0,12
Kimi,slow,first_cited_coordination_live_turn,74,50,50,100.0,11
Kimi,slow,first_cited_coordination_live_turn,75,50,50,100.0,10
Kimi,slow,first_cited_coordination_live_turn,76,50,50,100.0,9
Kimi,slow,first_cited_coordination_live_turn,77,50,50,100.0,7
Kimi,slow,first_cited_coordination_live_turn,78,50,50,100.0,6
Kimi,slow,first_cited_coordination_live_turn,79,50,50,100.0,5
Kimi,slow,first_cited_coordination_live_turn,80,50,50,100.0,5
Kimi,slow,first_cited_coordination_live_turn,81,50,50,100.0,5
Kimi,slow,first_cited_coordination_live_turn,82,50,50,100.0,4
Kimi,slow,first_cited_coordination_live_turn,83,50,50,100.0,4
Kimi,slow,first_cited_coordination_live_turn,84,50,50,100.0,4
Kimi,slow,first_cited_coordination_live_turn,85,50,50,100.0,4
Kimi,slow,first_cited_coordination_live_turn,86,50,50,100.0,4
Kimi,slow,first_cited_coordination_live_turn,87,50,50,100.0,4
Kimi,slow,first_cited_coordination_live_turn,88,50,50,100.0,4
Kimi,slow,first_cited_coordination_live_turn,89,50,50,100.0,4
Kimi,slow,first_cited_coordination_live_turn,90,50,50,100.0,4
Kimi,slow,first_cited_coordination_live_turn,91,50,50,100.0,4
Kimi,slow,first_cited_coordination_live_turn,92,50,50,100.0,4
Kimi,slow,first_cited_coordination_live_turn,93,50,50,100.0,4
Kimi,slow,first_cited_coordination_live_turn,94,50,50,100.0,4
Kimi,slow,first_cited_coordination_live_turn,95,50,50,100.0,3
Kimi,slow,first_cited_coordination_live_turn,96,50,50,100.0,3
Kimi,slow,first_cited_coordination_live_turn,97,50,50,100.0,2
Kimi,slow,first_cited_coordination_live_turn,98,50,50,100.0,2
Kimi,slow,first_cited_coordination_live_turn,99,50,50,100.0,2
Kimi,slow,first_cited_coordination_live_turn,100,50,50,100.0,2
Kimi,slow,first_post_live_turn,0,0,50,0.0,50
Kimi,slow,first_post_live_turn,1,0,50,0.0,50
Kimi,slow,first_post_live_turn,2,0,50,0.0,50
Kimi,slow,first_post_live_turn,3,0,50,0.0,50
Kimi,slow,first_post_live_turn,4,0,50,0.0,50
Kimi,slow,first_post_live_turn,5,0,50,0.0,50
Kimi,slow,first_post_live_turn,6,0,50,0.0,50
Kimi,slow,first_post_live_turn,7,2,50,4.0,50
Kimi,slow,first_post_live_turn,8,3,50,6.0,50
Kimi,slow,first_post_live_turn,9,5,50,10.0,50
Kimi,slow,first_post_live_turn,10,5,50,10.0,50
Kimi,slow,first_post_live_turn,11,5,50,10.0,50
Kimi,slow,first_post_live_turn,12,5,50,10.0,50
Kimi,slow,first_post_live_turn,13,5,50,10.0,50
Kimi,slow,first_post_live_turn,14,6,50,12.0,50
Kimi,slow,first_post_live_turn,15,6,50,12.0,50
Kimi,slow,first_post_live_turn,16,6,50,12.0,50
Kimi,slow,first_post_live_turn,17,6,50,12.0,50
Kimi,slow,first_post_live_turn,18,8,50,16.0,50
Kimi,slow,first_post_live_turn,19,8,50,16.0,50
Kimi,slow,first_post_live_turn,20,9,50,18.0,50
Kimi,slow,first_post_live_turn,21,10,50,20.0,50
Kimi,slow,first_post_live_turn,22,10,50,20.0,50
Kimi,slow,first_post_live_turn,23,10,50,20.0,50
Kimi,slow,first_post_live_turn,24,10,50,20.0,50
Kimi,slow,first_post_live_turn,25,10,50,20.0,50
Kimi,slow,first_post_live_turn,26,10,50,20.0,50
Kimi,slow,first_post_live_turn,27,13,50,26.0,50
Kimi,slow,first_post_live_turn,28,15,50,30.0,50
Kimi,slow,first_post_live_turn,29,16,50,32.0,50
Kimi,slow,first_post_live_turn,30,18,50,36.0,50
Kimi,slow,first_post_live_turn,31,19,50,38.0,50
Kimi,slow,first_post_live_turn,32,19,50,38.0,50
Kimi,slow,first_post_live_turn,33,19,50,38.0,50
Kimi,slow,first_post_live_turn,34,19,50,38.0,50
Kimi,slow,first_post_live_turn,35,21,50,42.0,50
Kimi,slow,first_post_live_turn,36,23,50,46.0,50
Kimi,slow,first_post_live_turn,37,23,50,46.0,50
Kimi,slow,first_post_live_turn,38,23,50,46.0,50
Kimi,slow,first_post_live_turn,39,24,50,48.0,50
Kimi,slow,first_post_live_turn,40,24,50,48.0,50
Kimi,slow,first_post_live_turn,41,24,50,48.0,50
Kimi,slow,first_post_live_turn,42,24,50,48.0,50
Kimi,slow,first_post_live_turn,43,24,50,48.0,50
Kimi,slow,first_post_live_turn,44,24,50,48.0,49
Kimi,slow,first_post_live_turn,45,24,50,48.0,49
Kimi,slow,first_post_live_turn,46,25,50,50.0,47
Kimi,slow,first_post_live_turn,47,25,50,50.0,45
Kimi,slow,first_post_live_turn,48,25,50,50.0,44
Kimi,slow,first_post_live_turn,49,26,50,52.0,43
Kimi,slow,first_post_live_turn,50,26,50,52.0,41
Kimi,slow,first_post_live_turn,51,26,50,52.0,41
Kimi,slow,first_post_live_turn,52,26,50,52.0,39
Kimi,slow,first_post_live_turn,53,26,50,52.0,38
Kimi,slow,first_post_live_turn,54,26,50,52.0,38
Kimi,slow,first_post_live_turn,55,26,50,52.0,37
Kimi,slow,first_post_live_turn,56,26,50,52.0,35
Kimi,slow,first_post_live_turn,57,27,50,54.0,35
Kimi,slow,first_post_live_turn,58,27,50,54.0,34
Kimi,slow,first_post_live_turn,59,27,50,54.0,32
Kimi,slow,first_post_live_turn,60,27,50,54.0,32
Kimi,slow,first_post_live_turn,61,27,50,54.0,31
Kimi,slow,first_post_live_turn,62,28,50,56.0,30
Kimi,slow,first_post_live_turn,63,28,50,56.0,28
Kimi,slow,first_post_live_turn,64,28,50,56.0,23
Kimi,slow,first_post_live_turn,65,28,50,56.0,23
Kimi,slow,first_post_live_turn,66,28,50,56.0,23
Kimi,slow,first_post_live_turn,67,28,50,56.0,21
Kimi,slow,first_post_live_turn,68,28,50,56.0,19
Kimi,slow,first_post_live_turn,69,28,50,56.0,18
Kimi,slow,first_post_live_turn,70,28,50,56.0,17
Kimi,slow,first_post_live_turn,71,28,50,56.0,14
Kimi,slow,first_post_live_turn,72,28,50,56.0,13
Kimi,slow,first_post_live_turn,73,28,50,56.0,12
Kimi,slow,first_post_live_turn,74,28,50,56.0,11
Kimi,slow,first_post_live_turn,75,28,50,56.0,10
Kimi,slow,first_post_live_turn,76,28,50,56.0,9
Kimi,slow,first_post_live_turn,77,28,50,56.0,7
Kimi,slow,first_post_live_turn,78,28,50,56.0,6
Kimi,slow,first_post_live_turn,79,28,50,56.0,5
Kimi,slow,first_post_live_turn,80,28,50,56.0,5
Kimi,slow,first_post_live_turn,81,28,50,56.0,5
Kimi,slow,first_post_live_turn,82,28,50,56.0,4
Kimi,slow,first_post_live_turn,83,28,50,56.0,4
Kimi,slow,first_post_live_turn,84,28,50,56.0,4
Kimi,slow,first_post_live_turn,85,28,50,56.0,4
Kimi,slow,first_post_live_turn,86,28,50,56.0,4
Kimi,slow,first_post_live_turn,87,28,50,56.0,4
Kimi,slow,first_post_live_turn,88,28,50,56.0,4
Kimi,slow,first_post_live_turn,89,28,50,56.0,4
Kimi,slow,first_post_live_turn,90,28,50,56.0,4
Kimi,slow,first_post_live_turn,91,28,50,56.0,4
Kimi,slow,first_post_live_turn,92,28,50,56.0,4
Kimi,slow,first_post_live_turn,93,28,50,56.0,4
Kimi,slow,first_post_live_turn,94,28,50,56.0,4
Kimi,slow,first_post_live_turn,95,28,50,56.0,3
Kimi,slow,first_post_live_turn,96,28,50,56.0,3
Kimi,slow,first_post_live_turn,97,28,50,56.0,2
Kimi,slow,first_post_live_turn,98,28,50,56.0,2
Kimi,slow,first_post_live_turn,99,28,50,56.0,2
Kimi,slow,first_post_live_turn,100,28,50,56.0,2
DeepSeek,working,first_cited_coordination_live_turn,0,0,50,0.0,50
DeepSeek,working,first_cited_coordination_live_turn,1,33,50,66.0,50
DeepSeek,working,first_cited_coordination_live_turn,2,37,50,74.0,50
DeepSeek,working,first_cited_coordination_live_turn,3,37,50,74.0,50
DeepSeek,working,first_cited_coordination_live_turn,4,38,50,76.0,50
DeepSeek,working,first_cited_coordination_live_turn,5,39,50,78.0,50
DeepSeek,working,first_cited_coordination_live_turn,6,41,50,82.0,50
DeepSeek,working,first_cited_coordination_live_turn,7,41,50,82.0,50
DeepSeek,working,first_cited_coordination_live_turn,8,41,50,82.0,50
DeepSeek,working,first_cited_coordination_live_turn,9,41,50,82.0,50
DeepSeek,working,first_cited_coordination_live_turn,10,42,50,84.0,50
DeepSeek,working,first_cited_coordination_live_turn,11,42,50,84.0,50
DeepSeek,working,first_cited_coordination_live_turn,12,44,50,88.0,50
DeepSeek,working,first_cited_coordination_live_turn,13,45,50,90.0,50
DeepSeek,working,first_cited_coordination_live_turn,14,46,50,92.0,50
DeepSeek,working,first_cited_coordination_live_turn,15,46,50,92.0,50
DeepSeek,working,first_cited_coordination_live_turn,16,46,50,92.0,50
DeepSeek,working,first_cited_coordination_live_turn,17,47,50,94.0,50
DeepSeek,working,first_cited_coordination_live_turn,18,49,50,98.0,50
DeepSeek,working,first_cited_coordination_live_turn,19,49,50,98.0,50
DeepSeek,working,first_cited_coordination_live_turn,20,49,50,98.0,50
DeepSeek,working,first_cited_coordination_live_turn,21,49,50,98.0,50
DeepSeek,working,first_cited_coordination_live_turn,22,49,50,98.0,50
DeepSeek,working,first_cited_coordination_live_turn,23,49,50,98.0,50
DeepSeek,working,first_cited_coordination_live_turn,24,49,50,98.0,50
DeepSeek,working,first_cited_coordination_live_turn,25,49,50,98.0,50
DeepSeek,working,first_cited_coordination_live_turn,26,49,50,98.0,50
DeepSeek,working,first_cited_coordination_live_turn,27,50,50,100.0,50
DeepSeek,working,first_cited_coordination_live_turn,28,50,50,100.0,50
DeepSeek,working,first_cited_coordination_live_turn,29,50,50,100.0,50
DeepSeek,working,first_cited_coordination_live_turn,30,50,50,100.0,50
DeepSeek,working,first_cited_coordination_live_turn,31,50,50,100.0,50
DeepSeek,working,first_cited_coordination_live_turn,32,50,50,100.0,50
DeepSeek,working,first_cited_coordination_live_turn,33,50,50,100.0,50
DeepSeek,working,first_cited_coordination_live_turn,34,50,50,100.0,50
DeepSeek,working,first_cited_coordination_live_turn,35,50,50,100.0,50
DeepSeek,working,first_cited_coordination_live_turn,36,50,50,100.0,49
DeepSeek,working,first_cited_coordination_live_turn,37,50,50,100.0,49
DeepSeek,working,first_cited_coordination_live_turn,38,50,50,100.0,48
DeepSeek,working,first_cited_coordination_live_turn,39,50,50,100.0,48
DeepSeek,working,first_cited_coordination_live_turn,40,50,50,100.0,48
DeepSeek,working,first_cited_coordination_live_turn,41,50,50,100.0,47
DeepSeek,working,first_cited_coordination_live_turn,42,50,50,100.0,46
DeepSeek,working,first_cited_coordination_live_turn,43,50,50,100.0,45
DeepSeek,working,first_cited_coordination_live_turn,44,50,50,100.0,45
DeepSeek,working,first_cited_coordination_live_turn,45,50,50,100.0,44
DeepSeek,working,first_cited_coordination_live_turn,46,50,50,100.0,44
DeepSeek,working,first_cited_coordination_live_turn,47,50,50,100.0,43
DeepSeek,working,first_cited_coordination_live_turn,48,50,50,100.0,43
DeepSeek,working,first_cited_coordination_live_turn,49,50,50,100.0,43
DeepSeek,working,first_cited_coordination_live_turn,50,50,50,100.0,43
DeepSeek,working,first_cited_coordination_live_turn,51,50,50,100.0,42
DeepSeek,working,first_cited_coordination_live_turn,52,50,50,100.0,39
DeepSeek,working,first_cited_coordination_live_turn,53,50,50,100.0,38
DeepSeek,working,first_cited_coordination_live_turn,54,50,50,100.0,37
DeepSeek,working,first_cited_coordination_live_turn,55,50,50,100.0,37
DeepSeek,working,first_cited_coordination_live_turn,56,50,50,100.0,36
DeepSeek,working,first_cited_coordination_live_turn,57,50,50,100.0,34
DeepSeek,working,first_cited_coordination_live_turn,58,50,50,100.0,34
DeepSeek,working,first_cited_coordination_live_turn,59,50,50,100.0,34
DeepSeek,working,first_cited_coordination_live_turn,60,50,50,100.0,33
DeepSeek,working,first_cited_coordination_live_turn,61,50,50,100.0,33
DeepSeek,working,first_cited_coordination_live_turn,62,50,50,100.0,30
DeepSeek,working,first_cited_coordination_live_turn,63,50,50,100.0,29
DeepSeek,working,first_cited_coordination_live_turn,64,50,50,100.0,29
DeepSeek,working,first_cited_coordination_live_turn,65,50,50,100.0,29
DeepSeek,working,first_cited_coordination_live_turn,66,50,50,100.0,29
DeepSeek,working,first_cited_coordination_live_turn,67,50,50,100.0,28
DeepSeek,working,first_cited_coordination_live_turn,68,50,50,100.0,28
DeepSeek,working,first_cited_coordination_live_turn,69,50,50,100.0,28
DeepSeek,working,first_cited_coordination_live_turn,70,50,50,100.0,28
DeepSeek,working,first_cited_coordination_live_turn,71,50,50,100.0,28
DeepSeek,working,first_cited_coordination_live_turn,72,50,50,100.0,27
DeepSeek,working,first_cited_coordination_live_turn,73,50,50,100.0,27
DeepSeek,working,first_cited_coordination_live_turn,74,50,50,100.0,27
DeepSeek,working,first_cited_coordination_live_turn,75,50,50,100.0,26
DeepSeek,working,first_cited_coordination_live_turn,76,50,50,100.0,25
DeepSeek,working,first_cited_coordination_live_turn,77,50,50,100.0,25
DeepSeek,working,first_cited_coordination_live_turn,78,50,50,100.0,24
DeepSeek,working,first_cited_coordination_live_turn,79,50,50,100.0,24
DeepSeek,working,first_cited_coordination_live_turn,80,50,50,100.0,23
DeepSeek,working,first_cited_coordination_live_turn,81,50,50,100.0,23
DeepSeek,working,first_cited_coordination_live_turn,82,50,50,100.0,22
DeepSeek,working,first_cited_coordination_live_turn,83,50,50,100.0,21
DeepSeek,working,first_cited_coordination_live_turn,84,50,50,100.0,19
DeepSeek,working,first_cited_coordination_live_turn,85,50,50,100.0,19
DeepSeek,working,first_cited_coordination_live_turn,86,50,50,100.0,18
DeepSeek,working,first_cited_coordination_live_turn,87,50,50,100.0,18
DeepSeek,working,first_cited_coordination_live_turn,88,50,50,100.0,17
DeepSeek,working,first_cited_coordination_live_turn,89,50,50,100.0,17
DeepSeek,working,first_cited_coordination_live_turn,90,50,50,100.0,16
DeepSeek,working,first_cited_coordination_live_turn,91,50,50,100.0,16
DeepSeek,working,first_cited_coordination_live_turn,92,50,50,100.0,16
DeepSeek,working,first_cited_coordination_live_turn,93,50,50,100.0,15
DeepSeek,working,first_cited_coordination_live_turn,94,50,50,100.0,15
DeepSeek,working,first_cited_coordination_live_turn,95,50,50,100.0,15
DeepSeek,working,first_cited_coordination_live_turn,96,50,50,100.0,14
DeepSeek,working,first_cited_coordination_live_turn,97,50,50,100.0,14
DeepSeek,working,first_cited_coordination_live_turn,98,50,50,100.0,12
DeepSeek,working,first_cited_coordination_live_turn,99,50,50,100.0,12
DeepSeek,working,first_cited_coordination_live_turn,100,50,50,100.0,12
DeepSeek,working,first_post_live_turn,0,0,50,0.0,50
DeepSeek,working,first_post_live_turn,1,0,50,0.0,50
DeepSeek,working,first_post_live_turn,2,0,50,0.0,50
DeepSeek,working,first_post_live_turn,3,0,50,0.0,50
DeepSeek,working,first_post_live_turn,4,0,50,0.0,50
DeepSeek,working,first_post_live_turn,5,1,50,2.0,50
DeepSeek,working,first_post_live_turn,6,1,50,2.0,50
DeepSeek,working,first_post_live_turn,7,3,50,6.0,50
DeepSeek,working,first_post_live_turn,8,3,50,6.0,50
DeepSeek,working,first_post_live_turn,9,4,50,8.0,50
DeepSeek,working,first_post_live_turn,10,5,50,10.0,50
DeepSeek,working,first_post_live_turn,11,5,50,10.0,50
DeepSeek,working,first_post_live_turn,12,7,50,14.0,50
DeepSeek,working,first_post_live_turn,13,9,50,18.0,50
DeepSeek,working,first_post_live_turn,14,11,50,22.0,50
DeepSeek,working,first_post_live_turn,15,16,50,32.0,50
DeepSeek,working,first_post_live_turn,16,16,50,32.0,50
DeepSeek,working,first_post_live_turn,17,17,50,34.0,50
DeepSeek,working,first_post_live_turn,18,18,50,36.0,50
DeepSeek,working,first_post_live_turn,19,22,50,44.0,50
DeepSeek,working,first_post_live_turn,20,23,50,46.0,50
DeepSeek,working,first_post_live_turn,21,24,50,48.0,50
DeepSeek,working,first_post_live_turn,22,25,50,50.0,50
DeepSeek,working,first_post_live_turn,23,26,50,52.0,50
DeepSeek,working,first_post_live_turn,24,28,50,56.0,50
DeepSeek,working,first_post_live_turn,25,30,50,60.0,50
DeepSeek,working,first_post_live_turn,26,31,50,62.0,50
DeepSeek,working,first_post_live_turn,27,33,50,66.0,50
DeepSeek,working,first_post_live_turn,28,33,50,66.0,50
DeepSeek,working,first_post_live_turn,29,33,50,66.0,50
DeepSeek,working,first_post_live_turn,30,34,50,68.0,50
DeepSeek,working,first_post_live_turn,31,34,50,68.0,50
DeepSeek,working,first_post_live_turn,32,34,50,68.0,50
DeepSeek,working,first_post_live_turn,33,35,50,70.0,50
DeepSeek,working,first_post_live_turn,34,35,50,70.0,50
DeepSeek,working,first_post_live_turn,35,36,50,72.0,50
DeepSeek,working,first_post_live_turn,36,36,50,72.0,49
DeepSeek,working,first_post_live_turn,37,37,50,74.0,49
DeepSeek,working,first_post_live_turn,38,37,50,74.0,48
DeepSeek,working,first_post_live_turn,39,38,50,76.0,48
DeepSeek,working,first_post_live_turn,40,38,50,76.0,48
DeepSeek,working,first_post_live_turn,41,38,50,76.0,47
DeepSeek,working,first_post_live_turn,42,38,50,76.0,46
DeepSeek,working,first_post_live_turn,43,38,50,76.0,45
DeepSeek,working,first_post_live_turn,44,39,50,78.0,45
DeepSeek,working,first_post_live_turn,45,39,50,78.0,44
DeepSeek,working,first_post_live_turn,46,39,50,78.0,44
DeepSeek,working,first_post_live_turn,47,39,50,78.0,43
DeepSeek,working,first_post_live_turn,48,40,50,80.0,43
DeepSeek,working,first_post_live_turn,49,40,50,80.0,43
DeepSeek,working,first_post_live_turn,50,40,50,80.0,43
DeepSeek,working,first_post_live_turn,51,40,50,80.0,42
DeepSeek,working,first_post_live_turn,52,40,50,80.0,39
DeepSeek,working,first_post_live_turn,53,40,50,80.0,38
DeepSeek,working,first_post_live_turn,54,40,50,80.0,37
DeepSeek,working,first_post_live_turn,55,40,50,80.0,37
DeepSeek,working,first_post_live_turn,56,40,50,80.0,36
DeepSeek,working,first_post_live_turn,57,42,50,84.0,34
DeepSeek,working,first_post_live_turn,58,42,50,84.0,34
DeepSeek,working,first_post_live_turn,59,42,50,84.0,34
DeepSeek,working,first_post_live_turn,60,42,50,84.0,33
DeepSeek,working,first_post_live_turn,61,42,50,84.0,33
DeepSeek,working,first_post_live_turn,62,42,50,84.0,30
DeepSeek,working,first_post_live_turn,63,42,50,84.0,29
DeepSeek,working,first_post_live_turn,64,42,50,84.0,29
DeepSeek,working,first_post_live_turn,65,42,50,84.0,29
DeepSeek,working,first_post_live_turn,66,42,50,84.0,29
DeepSeek,working,first_post_live_turn,67,42,50,84.0,28
DeepSeek,working,first_post_live_turn,68,42,50,84.0,28
DeepSeek,working,first_post_live_turn,69,42,50,84.0,28
DeepSeek,working,first_post_live_turn,70,42,50,84.0,28
DeepSeek,working,first_post_live_turn,71,42,50,84.0,28
DeepSeek,working,first_post_live_turn,72,42,50,84.0,27
DeepSeek,working,first_post_live_turn,73,42,50,84.0,27
DeepSeek,working,first_post_live_turn,74,42,50,84.0,27
DeepSeek,working,first_post_live_turn,75,42,50,84.0,26
DeepSeek,working,first_post_live_turn,76,42,50,84.0,25
DeepSeek,working,first_post_live_turn,77,42,50,84.0,25
DeepSeek,working,first_post_live_turn,78,42,50,84.0,24
DeepSeek,working,first_post_live_turn,79,42,50,84.0,24
DeepSeek,working,first_post_live_turn,80,42,50,84.0,23
DeepSeek,working,first_post_live_turn,81,42,50,84.0,23
DeepSeek,working,first_post_live_turn,82,42,50,84.0,22
DeepSeek,working,first_post_live_turn,83,42,50,84.0,21
DeepSeek,working,first_post_live_turn,84,42,50,84.0,19
DeepSeek,working,first_post_live_turn,85,43,50,86.0,19
DeepSeek,working,first_post_live_turn,86,43,50,86.0,18
DeepSeek,working,first_post_live_turn,87,43,50,86.0,18
DeepSeek,working,first_post_live_turn,88,43,50,86.0,17
DeepSeek,working,first_post_live_turn,89,43,50,86.0,17
DeepSeek,working,first_post_live_turn,90,43,50,86.0,16
DeepSeek,working,first_post_live_turn,91,43,50,86.0,16
DeepSeek,working,first_post_live_turn,92,43,50,86.0,16
DeepSeek,working,first_post_live_turn,93,43,50,86.0,15
DeepSeek,working,first_post_live_turn,94,43,50,86.0,15
DeepSeek,working,first_post_live_turn,95,43,50,86.0,15
DeepSeek,working,first_post_live_turn,96,43,50,86.0,14
DeepSeek,working,first_post_live_turn,97,43,50,86.0,14
DeepSeek,working,first_post_live_turn,98,43,50,86.0,12
DeepSeek,working,first_post_live_turn,99,43,50,86.0,12
DeepSeek,working,first_post_live_turn,100,43,50,86.0,12
DeepSeek,slow,first_cited_coordination_live_turn,0,0,50,0.0,50
DeepSeek,slow,first_cited_coordination_live_turn,1,33,50,66.0,50
DeepSeek,slow,first_cited_coordination_live_turn,2,37,50,74.0,50
DeepSeek,slow,first_cited_coordination_live_turn,3,39,50,78.0,50
DeepSeek,slow,first_cited_coordination_live_turn,4,42,50,84.0,50
DeepSeek,slow,first_cited_coordination_live_turn,5,44,50,88.0,50
DeepSeek,slow,first_cited_coordination_live_turn,6,44,50,88.0,50
DeepSeek,slow,first_cited_coordination_live_turn,7,44,50,88.0,50
DeepSeek,slow,first_cited_coordination_live_turn,8,45,50,90.0,50
DeepSeek,slow,first_cited_coordination_live_turn,9,45,50,90.0,50
DeepSeek,slow,first_cited_coordination_live_turn,10,46,50,92.0,50
DeepSeek,slow,first_cited_coordination_live_turn,11,47,50,94.0,50
DeepSeek,slow,first_cited_coordination_live_turn,12,47,50,94.0,50
DeepSeek,slow,first_cited_coordination_live_turn,13,47,50,94.0,50
DeepSeek,slow,first_cited_coordination_live_turn,14,47,50,94.0,50
DeepSeek,slow,first_cited_coordination_live_turn,15,47,50,94.0,50
DeepSeek,slow,first_cited_coordination_live_turn,16,47,50,94.0,50
DeepSeek,slow,first_cited_coordination_live_turn,17,47,50,94.0,50
DeepSeek,slow,first_cited_coordination_live_turn,18,47,50,94.0,50
DeepSeek,slow,first_cited_coordination_live_turn,19,47,50,94.0,50
DeepSeek,slow,first_cited_coordination_live_turn,20,47,50,94.0,50
DeepSeek,slow,first_cited_coordination_live_turn,21,47,50,94.0,50
DeepSeek,slow,first_cited_coordination_live_turn,22,47,50,94.0,50
DeepSeek,slow,first_cited_coordination_live_turn,23,47,50,94.0,50
DeepSeek,slow,first_cited_coordination_live_turn,24,48,50,96.0,50
DeepSeek,slow,first_cited_coordination_live_turn,25,48,50,96.0,50
DeepSeek,slow,first_cited_coordination_live_turn,26,48,50,96.0,50
DeepSeek,slow,first_cited_coordination_live_turn,27,48,50,96.0,50
DeepSeek,slow,first_cited_coordination_live_turn,28,48,50,96.0,50
DeepSeek,slow,first_cited_coordination_live_turn,29,48,50,96.0,50
DeepSeek,slow,first_cited_coordination_live_turn,30,48,50,96.0,50
DeepSeek,slow,first_cited_coordination_live_turn,31,48,50,96.0,50
DeepSeek,slow,first_cited_coordination_live_turn,32,48,50,96.0,50
DeepSeek,slow,first_cited_coordination_live_turn,33,49,50,98.0,50
DeepSeek,slow,first_cited_coordination_live_turn,34,50,50,100.0,50
DeepSeek,slow,first_cited_coordination_live_turn,35,50,50,100.0,50
DeepSeek,slow,first_cited_coordination_live_turn,36,50,50,100.0,50
DeepSeek,slow,first_cited_coordination_live_turn,37,50,50,100.0,50
DeepSeek,slow,first_cited_coordination_live_turn,38,50,50,100.0,50
DeepSeek,slow,first_cited_coordination_live_turn,39,50,50,100.0,50
DeepSeek,slow,first_cited_coordination_live_turn,40,50,50,100.0,50
DeepSeek,slow,first_cited_coordination_live_turn,41,50,50,100.0,50
DeepSeek,slow,first_cited_coordination_live_turn,42,50,50,100.0,50
DeepSeek,slow,first_cited_coordination_live_turn,43,50,50,100.0,50
DeepSeek,slow,first_cited_coordination_live_turn,44,50,50,100.0,50
DeepSeek,slow,first_cited_coordination_live_turn,45,50,50,100.0,50
DeepSeek,slow,first_cited_coordination_live_turn,46,50,50,100.0,50
DeepSeek,slow,first_cited_coordination_live_turn,47,50,50,100.0,50
DeepSeek,slow,first_cited_coordination_live_turn,48,50,50,100.0,50
DeepSeek,slow,first_cited_coordination_live_turn,49,50,50,100.0,50
DeepSeek,slow,first_cited_coordination_live_turn,50,50,50,100.0,50
DeepSeek,slow,first_cited_coordination_live_turn,51,50,50,100.0,50
DeepSeek,slow,first_cited_coordination_live_turn,52,50,50,100.0,50
DeepSeek,slow,first_cited_coordination_live_turn,53,50,50,100.0,50
DeepSeek,slow,first_cited_coordination_live_turn,54,50,50,100.0,50
DeepSeek,slow,first_cited_coordination_live_turn,55,50,50,100.0,50
DeepSeek,slow,first_cited_coordination_live_turn,56,50,50,100.0,50
DeepSeek,slow,first_cited_coordination_live_turn,57,50,50,100.0,49
DeepSeek,slow,first_cited_coordination_live_turn,58,50,50,100.0,49
DeepSeek,slow,first_cited_coordination_live_turn,59,50,50,100.0,49
DeepSeek,slow,first_cited_coordination_live_turn,60,50,50,100.0,49
DeepSeek,slow,first_cited_coordination_live_turn,61,50,50,100.0,49
DeepSeek,slow,first_cited_coordination_live_turn,62,50,50,100.0,48
DeepSeek,slow,first_cited_coordination_live_turn,63,50,50,100.0,48
DeepSeek,slow,first_cited_coordination_live_turn,64,50,50,100.0,48
DeepSeek,slow,first_cited_coordination_live_turn,65,50,50,100.0,48
DeepSeek,slow,first_cited_coordination_live_turn,66,50,50,100.0,48
DeepSeek,slow,first_cited_coordination_live_turn,67,50,50,100.0,48
DeepSeek,slow,first_cited_coordination_live_turn,68,50,50,100.0,46
DeepSeek,slow,first_cited_coordination_live_turn,69,50,50,100.0,46
DeepSeek,slow,first_cited_coordination_live_turn,70,50,50,100.0,46
DeepSeek,slow,first_cited_coordination_live_turn,71,50,50,100.0,46
DeepSeek,slow,first_cited_coordination_live_turn,72,50,50,100.0,45
DeepSeek,slow,first_cited_coordination_live_turn,73,50,50,100.0,45
DeepSeek,slow,first_cited_coordination_live_turn,74,50,50,100.0,44
DeepSeek,slow,first_cited_coordination_live_turn,75,50,50,100.0,42
DeepSeek,slow,first_cited_coordination_live_turn,76,50,50,100.0,42
DeepSeek,slow,first_cited_coordination_live_turn,77,50,50,100.0,42
DeepSeek,slow,first_cited_coordination_live_turn,78,50,50,100.0,42
DeepSeek,slow,first_cited_coordination_live_turn,79,50,50,100.0,42
DeepSeek,slow,first_cited_coordination_live_turn,80,50,50,100.0,40
DeepSeek,slow,first_cited_coordination_live_turn,81,50,50,100.0,40
DeepSeek,slow,first_cited_coordination_live_turn,82,50,50,100.0,39
DeepSeek,slow,first_cited_coordination_live_turn,83,50,50,100.0,39
DeepSeek,slow,first_cited_coordination_live_turn,84,50,50,100.0,38
DeepSeek,slow,first_cited_coordination_live_turn,85,50,50,100.0,36
DeepSeek,slow,first_cited_coordination_live_turn,86,50,50,100.0,33
DeepSeek,slow,first_cited_coordination_live_turn,87,50,50,100.0,33
DeepSeek,slow,first_cited_coordination_live_turn,88,50,50,100.0,31
DeepSeek,slow,first_cited_coordination_live_turn,89,50,50,100.0,31
DeepSeek,slow,first_cited_coordination_live_turn,90,50,50,100.0,31
DeepSeek,slow,first_cited_coordination_live_turn,91,50,50,100.0,31
DeepSeek,slow,first_cited_coordination_live_turn,92,50,50,100.0,30
DeepSeek,slow,first_cited_coordination_live_turn,93,50,50,100.0,30
DeepSeek,slow,first_cited_coordination_live_turn,94,50,50,100.0,30
DeepSeek,slow,first_cited_coordination_live_turn,95,50,50,100.0,30
DeepSeek,slow,first_cited_coordination_live_turn,96,50,50,100.0,30
DeepSeek,slow,first_cited_coordination_live_turn,97,50,50,100.0,30
DeepSeek,slow,first_cited_coordination_live_turn,98,50,50,100.0,29
DeepSeek,slow,first_cited_coordination_live_turn,99,50,50,100.0,28
DeepSeek,slow,first_cited_coordination_live_turn,100,50,50,100.0,27
DeepSeek,slow,first_post_live_turn,0,0,50,0.0,50
DeepSeek,slow,first_post_live_turn,1,0,50,0.0,50
DeepSeek,slow,first_post_live_turn,2,0,50,0.0,50
DeepSeek,slow,first_post_live_turn,3,0,50,0.0,50
DeepSeek,slow,first_post_live_turn,4,0,50,0.0,50
DeepSeek,slow,first_post_live_turn,5,1,50,2.0,50
DeepSeek,slow,first_post_live_turn,6,1,50,2.0,50
DeepSeek,slow,first_post_live_turn,7,1,50,2.0,50
DeepSeek,slow,first_post_live_turn,8,2,50,4.0,50
DeepSeek,slow,first_post_live_turn,9,3,50,6.0,50
DeepSeek,slow,first_post_live_turn,10,5,50,10.0,50
DeepSeek,slow,first_post_live_turn,11,8,50,16.0,50
DeepSeek,slow,first_post_live_turn,12,10,50,20.0,50
DeepSeek,slow,first_post_live_turn,13,11,50,22.0,50
DeepSeek,slow,first_post_live_turn,14,11,50,22.0,50
DeepSeek,slow,first_post_live_turn,15,12,50,24.0,50
DeepSeek,slow,first_post_live_turn,16,12,50,24.0,50
DeepSeek,slow,first_post_live_turn,17,12,50,24.0,50
DeepSeek,slow,first_post_live_turn,18,13,50,26.0,50
DeepSeek,slow,first_post_live_turn,19,13,50,26.0,50
DeepSeek,slow,first_post_live_turn,20,13,50,26.0,50
DeepSeek,slow,first_post_live_turn,21,13,50,26.0,50
DeepSeek,slow,first_post_live_turn,22,15,50,30.0,50
DeepSeek,slow,first_post_live_turn,23,15,50,30.0,50
DeepSeek,slow,first_post_live_turn,24,17,50,34.0,50
DeepSeek,slow,first_post_live_turn,25,19,50,38.0,50
DeepSeek,slow,first_post_live_turn,26,19,50,38.0,50
DeepSeek,slow,first_post_live_turn,27,19,50,38.0,50
DeepSeek,slow,first_post_live_turn,28,20,50,40.0,50
DeepSeek,slow,first_post_live_turn,29,21,50,42.0,50
DeepSeek,slow,first_post_live_turn,30,22,50,44.0,50
DeepSeek,slow,first_post_live_turn,31,22,50,44.0,50
DeepSeek,slow,first_post_live_turn,32,24,50,48.0,50
DeepSeek,slow,first_post_live_turn,33,25,50,50.0,50
DeepSeek,slow,first_post_live_turn,34,27,50,54.0,50
DeepSeek,slow,first_post_live_turn,35,28,50,56.0,50
DeepSeek,slow,first_post_live_turn,36,28,50,56.0,50
DeepSeek,slow,first_post_live_turn,37,29,50,58.0,50
DeepSeek,slow,first_post_live_turn,38,30,50,60.0,50
DeepSeek,slow,first_post_live_turn,39,31,50,62.0,50
DeepSeek,slow,first_post_live_turn,40,31,50,62.0,50
DeepSeek,slow,first_post_live_turn,41,31,50,62.0,50
DeepSeek,slow,first_post_live_turn,42,32,50,64.0,50
DeepSeek,slow,first_post_live_turn,43,33,50,66.0,50
DeepSeek,slow,first_post_live_turn,44,33,50,66.0,50
DeepSeek,slow,first_post_live_turn,45,34,50,68.0,50
DeepSeek,slow,first_post_live_turn,46,34,50,68.0,50
DeepSeek,slow,first_post_live_turn,47,36,50,72.0,50
DeepSeek,slow,first_post_live_turn,48,36,50,72.0,50
DeepSeek,slow,first_post_live_turn,49,38,50,76.0,50
DeepSeek,slow,first_post_live_turn,50,38,50,76.0,50
DeepSeek,slow,first_post_live_turn,51,38,50,76.0,50
DeepSeek,slow,first_post_live_turn,52,38,50,76.0,50
DeepSeek,slow,first_post_live_turn,53,38,50,76.0,50
DeepSeek,slow,first_post_live_turn,54,38,50,76.0,50
DeepSeek,slow,first_post_live_turn,55,39,50,78.0,50
DeepSeek,slow,first_post_live_turn,56,40,50,80.0,50
DeepSeek,slow,first_post_live_turn,57,40,50,80.0,49
DeepSeek,slow,first_post_live_turn,58,41,50,82.0,49
DeepSeek,slow,first_post_live_turn,59,41,50,82.0,49
DeepSeek,slow,first_post_live_turn,60,41,50,82.0,49
DeepSeek,slow,first_post_live_turn,61,41,50,82.0,49
DeepSeek,slow,first_post_live_turn,62,41,50,82.0,48
DeepSeek,slow,first_post_live_turn,63,41,50,82.0,48
DeepSeek,slow,first_post_live_turn,64,41,50,82.0,48
DeepSeek,slow,first_post_live_turn,65,41,50,82.0,48
DeepSeek,slow,first_post_live_turn,66,41,50,82.0,48
DeepSeek,slow,first_post_live_turn,67,41,50,82.0,48
DeepSeek,slow,first_post_live_turn,68,41,50,82.0,46
DeepSeek,slow,first_post_live_turn,69,41,50,82.0,46
DeepSeek,slow,first_post_live_turn,70,41,50,82.0,46
DeepSeek,slow,first_post_live_turn,71,41,50,82.0,46
DeepSeek,slow,first_post_live_turn,72,41,50,82.0,45
DeepSeek,slow,first_post_live_turn,73,41,50,82.0,45
DeepSeek,slow,first_post_live_turn,74,41,50,82.0,44
DeepSeek,slow,first_post_live_turn,75,41,50,82.0,42
DeepSeek,slow,first_post_live_turn,76,41,50,82.0,42
DeepSeek,slow,first_post_live_turn,77,41,50,82.0,42
DeepSeek,slow,first_post_live_turn,78,41,50,82.0,42
DeepSeek,slow,first_post_live_turn,79,41,50,82.0,42
DeepSeek,slow,first_post_live_turn,80,41,50,82.0,40
DeepSeek,slow,first_post_live_turn,81,41,50,82.0,40
DeepSeek,slow,first_post_live_turn,82,41,50,82.0,39
DeepSeek,slow,first_post_live_turn,83,41,50,82.0,39
DeepSeek,slow,first_post_live_turn,84,42,50,84.0,38
DeepSeek,slow,first_post_live_turn,85,42,50,84.0,36
DeepSeek,slow,first_post_live_turn,86,42,50,84.0,33
DeepSeek,slow,first_post_live_turn,87,42,50,84.0,33
DeepSeek,slow,first_post_live_turn,88,42,50,84.0,31
DeepSeek,slow,first_post_live_turn,89,42,50,84.0,31
DeepSeek,slow,first_post_live_turn,90,42,50,84.0,31
DeepSeek,slow,first_post_live_turn,91,42,50,84.0,31
DeepSeek,slow,first_post_live_turn,92,42,50,84.0,30
DeepSeek,slow,first_post_live_turn,93,42,50,84.0,30
DeepSeek,slow,first_post_live_turn,94,42,50,84.0,30
DeepSeek,slow,first_post_live_turn,95,42,50,84.0,30
DeepSeek,slow,first_post_live_turn,96,42,50,84.0,30
DeepSeek,slow,first_post_live_turn,97,42,50,84.0,30
DeepSeek,slow,first_post_live_turn,98,42,50,84.0,29
DeepSeek,slow,first_post_live_turn,99,42,50,84.0,28
DeepSeek,slow,first_post_live_turn,100,42,50,84.0,27
